0,3046 FOREST LN STE B,DALLAS,TX,75234
1,1122 W CENTERVILLE RD,GARLAND,TX,75041
2,6421 RIVERSIDE DR STE 110,IRVING,TX,75039
3,1639 S BUCKNER BLVD,DALLAS,TX,75217
4,5181 KELLER SPRINGS RD STE 103,DALLAS,TX,75248
5,1900 S JOSEY LN,CARROLLTON,TX,75006
6,4601 N STATE HIGHWAY 161,IRVING,TX,75038
7,1600 MARSH LN STE 100,CARROLLTON,TX,75006
8,6906 SNIDER PLZ,DALLAS,TX,75205
9,2615 OAK LAWN AVE STE 110,DALLAS,TX,75219
10,5334 ROSS AVE,DALLAS,TX,75206
11,2233 N PRAIRIE CREEK RD,DALLAS,TX,75227
12,4136 S CARRIER PKWY STE 350,GRAND PRAIRIE,TX,75052
13,757 LAKE CAROLYN PKWY APT 1235,IRVING,TX,75039
14,2645 ARAPAHO ROAD,GARLAND,TX,75044
15,4928 COLUMBIA AVE,DALLAS,TX,75214
16,3901 W NORTHGATE DR,IRVING,TX,75062
17,4880 SUNNYVALE ST,DALLAS,TX,75216
18,10909 WEBB CHAPEL RD STE 118,DALLAS,TX,75229
19,222 N STORY RD STE 118,IRVING,TX,75061
20,9410 WALNUT ST STE 102,DALLAS,TX,75243
21,2220 MARSH LN STE 100,CARROLLTON,TX,75006
22,1437 S JUPITER RD,GARLAND,TX,75042
23,1303 W BUCKINGHAM RD STE 101,GARLAND,TX,75040
24,1150 W KIEST BLVD STE 201,DALLAS,TX,75224
25,11206 LAKE JUNE RD STE E,BALCH SPRINGS,TX,75180
26,3925 BROADWAY BLVD,GARLAND,TX,75043
27,10020 MARSH LN,DALLAS,TX,75229
28,1235 S JOSEY LN,CARROLLTON,TX,75006
29,801 W PALESTINE ST # 106,HUTCHINS,TX,75141
30,1055 W PLEASANT RUN RD,LANCASTER,TX,75146
31,6214 SAMUELL BLVD,DALLAS,TX,75228
32,13260 JOSEY LN STE 117,FARMERS BRANCH,TX,75234
33,2314 W ILLINOIS AVE,DALLAS,TX,75224
34,5100 BELT LINE RD STE 610,DALLAS,TX,75254
35,1515 N TOWN EAST BLVD STE 121,MESQUITE,TX,75150
36,3195 GREAT TRINITY FOREST WAY # A1,DALLAS,TX,75216
37,3300 SHEPHERD LN STE A,BALCH SPRINGS,TX,75180
38,4702 E GRAND AVE,DALLAS,TX,75223
39,1405 MARTIN LUTHER KING JR BLVD,DALLAS,TX,75215
40,518 W ARAPAHO RD STE B103,RICHARDSON,TX,75080
41,5250 N OCONNOR BLVD STE 140,IRVING,TX,75039
42,11306 LYNDON B JOHNSON FWY STE 100,DALLAS,TX,75238
43,8151 WALTON BLVD,IRVING,TX,75063
44,712 S WALTON WALKER BLVD STE 1-D,DALLAS,TX,75211
45,1820 W BRUTON RD,BALCH SPRINGS,TX,75180
46,2441 W WALNUT ST STE 225,GARLAND,TX,75042
47,2450 WALNUT HILL LN,DALLAS,TX,75229
48,117 S CARROLL AVE,DALLAS,TX,75226
49,1900 N HALL ST,DALLAS,TX,75204
50,797 N GROVE RD STE 105,RICHARDSON,TX,75081
51,2501 LAKEVIEW PKWY,ROWLETT,TX,75088
52,2611 S LANCASTER RD,DALLAS,TX,75216
53,3150 E LEDBETTER DR,DALLAS,TX,75216
54,460 N LAMAR ST # 300,DALLAS,TX,75202
55,6451 RIVERSIDE DR,IRVING,TX,75039
56,2215 S MARSALIS AVE,DALLAS,TX,75216
57,5460 LEMMON AVE,DALLAS,TX,75209
58,1506 S BUCKNER BLVD,DALLAS,TX,75217
59,1202 E INTERSTATE 30,GARLAND,TX,75043
60,1133 N ZANG BLVD STE 105,DALLAS,TX,75203
61,2601 ARAPAHO RD,GARLAND,TX,75044
62,1308 E BEAR CREEK RD STE 270,GLENN HEIGHTS,TX,75154
63,1551 E SPRING VALLEY RD STE 135,RICHARDSON,TX,75081
64,7124 GREENVILLE AVE,DALLAS,TX,75231
65,1109 E HIGHWAY 67,DUNCANVILLE,TX,75137
66,1803 N GALLOWAY AVE,MESQUITE,TX,75149
67,3724 SAMUELL BLVD,DALLAS,TX,75228
68,4218 W LOVERS LN,DALLAS,TX,75209
69,11520 JUPITER RD,DALLAS,TX,75218
70,940 N RIVERFRONT BLVD,DALLAS,TX,75207
71,501 W DAVIS ST,DALLAS,TX,75208
72,509 N HAMPTON RD,DALLAS,TX,75208
73,1445 ROSS AVE STE B101,DALLAS,TX,75202
74,117 S CENTRAL EXPY,RICHARDSON,TX,75080
75,606 VALENCIA ST,DALLAS,TX,75223
76,5431 BOTHAM JEAN BLVD,DALLAS,TX,75215
77,4903 S LANCASTER RD,DALLAS,TX,75216
78,1701 S BECKLEY RD,GLENN HEIGHTS,TX,75154
79,532 W JEFFERSON BLVD,DALLAS,TX,75208
80,500 W KIEST BLVD,DALLAS,TX,75224
81,6045 SHERRY LN,DALLAS,TX,75225
82,11422 HARRY HINES BLVD STE 210,DALLAS,TX,75229
83,6909 ROWLETT RD STE 104,ROWLETT,TX,75089
84,2434 BELT LINE RD,GARLAND,TX,75044
85,10788 HARRY HINES BLVD STE A12,DALLAS,TX,75220
86,13410 PRESTON RD STE A,DALLAS,TX,75240
87,7170 SKILLMAN ST STE 140,DALLAS,TX,75231
88,2505 FORT WORTH AVE,DALLAS,TX,75211
89,1919 BRYAN ST STE 102,DALLAS,TX,75201
90,4550 GUS THOMASSON RD STE 62,MESQUITE,TX,75150
91,5923 GREENVILLE AVE,DALLAS,TX,75206
92,842 BELT LINE RD,GARLAND,TX,75040
93,3316 OAK LAWN AVE,DALLAS,TX,75219
94,1951 MILITARY PKWY,MESQUITE,TX,75149
95,3305 W WALNUT HILL LN,IRVING,TX,75038
96,1630 VALWOOD PKWY STE 114,CARROLLTON,TX,75006
97,327 S CADIZ,DALLAS,TX,75207
98,14999 PRESTON RD,DALLAS,TX,75254
99,2439 VALWOOD PKWY,FARMERS BRANCH,TX,75234
100,1045 MAJORS DR,MESQUITE,TX,75149
101,1601 NORTHWEST HWY,GARLAND,TX,75041
102,406 N CARRIER PKWY,GRAND PRAIRIE,TX,75050
103,11453 HARRY HINES BLVD STE 100,DALLAS,TX,75229
104,2121 W ROCHELLE RD STE 105,IRVING,TX,75062
105,2627 W JEFFERSON BLVD,DALLAS,TX,75211
106,906 E SHADY GROVE RD,IRVING,TX,75060
107,906 HIGHWAY 66,GARLAND,TX,75040
108,9501 FOREST LN,DALLAS,TX,75243
109,495 W ILLINOIS AVE,DALLAS,TX,75224
110,3405 HIGH PRAIRIE RD,GRAND PRAIRIE,TX,75050
111,1423B N BELT LINE RD,IRVING,TX,75061
112,4010 N MACARTHUR BLVD,IRVING,TX,75038
113,635 W CAMPBELL RD STE 200,RICHARDSON,TX,75080
114,9508 WEBB CHAPEL RD STE 100,DALLAS,TX,75220
115,2506 S BELT LINE RD,GRAND PRAIRIE,TX,75052
116,447 E HIGHWAY 67,DUNCANVILLE,TX,75137
117,2926 N BELT LINE RD,IRVING,TX,75062
118,489 E FM 1382,CEDAR HILL,TX,75104
119,2210 W MAIN ST STE 102,GRAND PRAIRIE,TX,75050
120,2042 TOWN EAST MALL,MESQUITE,TX,75150
121,210 N KAUFMAN ST STE C,SEAGOVILLE,TX,75159
122,3434 W ILLINOIS AVE,DALLAS,TX,75211
123,3380 LOMBARDY LN,DALLAS,TX,75220
124,12209 LAKE JUNE RD,MESQUITE,TX,75180
125,2534 ROYAL LN,DALLAS,TX,75229
126,9850 WALNUT HILL LN STE 224,DALLAS,TX,75238
127,7771 GREAT TRINITY FOREST WAY,DALLAS,TX,75217
128,5329 ROSS AVE,DALLAS,TX,75206
129,3415 MALCOLM X BLVD,DALLAS,TX,75215
130,2314 W ILLINOIS AVE,DALLAS,TX,75224
131,3555 W WALNUT ST STE 203,GARLAND,TX,75042
132,4203 LINDBERGH DR,ADDISON,TX,75001
133,327 W MOCKINGBIRD LN,DALLAS,TX,75247
134,1000 S ROYAL LANE,COPPELL,TX,75019
135,1100 E PLEASANT RUN RD STE 133,DESOTO,TX,75115
136,195 HISTORIC TOWN SQ,LANCASTER,TX,75146
137,8101 S POLK ST,DALLAS,TX,75232
138,4407 W MOCKINGBIRD LN,DALLAS,TX,75209
139,2000 OLD DENTON RD STE 104,CARROLLTON,TX,75006
140,1505 S EWING AVE,DALLAS,TX,75216
141,7000 SNIDER PLZ,UNIVERSITY PARK,TX,75205
142,9430 LARGA DR STE 101,DALLAS,TX,75220
143,8698 SKILLMAN ST,DALLAS,TX,75243
144,500 MAIN ST STE 2,GARLAND,TX,75040
145,11920 PRESTON RD,DALLAS,TX,75230
146,6037 CAMPBELL RD,DALLAS,TX,75248
147,1927 E BELT LINE RD STE 136,CARROLLTON,TX,75006
148,3460 WEBB CHAPEL EXT,DALLAS,TX,75220
149,317 WESTCHASE DR,GRAND PRAIRIE,TX,75052
150,5520 S HAMPTON RD,DALLAS,TX,75232
151,424 S R L THORNTON FWY,DALLAS,TX,75203
152,2900 W WHEATLAND RD,DALLAS,TX,75237
153,4781 N BELT LINE RD,MESQUITE,TX,75150
154,6521 JEANE ST,DALLAS,TX,75217
155,6500 SKILLMAN ST,DALLAS,TX,75231
156,2642 MAIN ST STE 150,DALLAS,TX,75226
157,12175 GARLAND RD,DALLAS,TX,75218
158,3225 FOREST LN,GARLAND,TX,75042
159,2702 S BUCKNER BLVD STE 130,DALLAS,TX,75227
160,10560 NEW CHURCH RD,DALLAS,TX,75238
161,10880 FERGUSON RD,DALLAS,TX,75228
162,4215 BOTHAM JEAN BLVD,DALLAS,TX,75215
163,5450 W LOVERS LN STE 130,DALLAS,TX,75209
164,3347 W WALNUT ST # 268,GARLAND,TX,75042
165,2411 N GALLOWAY AVE STE 125,MESQUITE,TX,75150
166,2521 W AIRPORT FWY,IRVING,TX,75062
167,3404 S LANCASTER RD,DALLAS,TX,75216
168,2150 N JOSEY LN STE 324,CARROLLTON,TX,75006
169,11445 GARLAND RD,DALLAS,TX,75218
170,4515 ELECTRA ST,DALLAS,TX,75215
171,2534 ROYAL LN,DALLAS,TX,75229
172,505 AIRLINE DR,COPPELL,TX,75019
173,7272 GASTON AVE,DALLAS,TX,75214
174,13111 N CENTRAL EXPY,DALLAS,TX,75243
175,700 N PEARL ST STE H204,DALLAS,TX,75201
176,39 ARAPAHO VILLAGE,RICHARDSON,TX,75080
177,1906 S HASKELL AVE,DALLAS,TX,75223
178,10301 HARRY HINES BLVD,DALLAS,TX,75220
179,1613 SKYLINE DR,GARLAND,TX,75043
180,1017 FORT WORTH ST STE 600,GRAND PRAIRIE,TX,75050
181,4216 ABRAMS RD,DALLAS,TX,75214
182,1340 CENTERVILLE RD,DALLAS,TX,75218
183,9727 WEBB CHAPEL RD,DALLAS,TX,75220
184,1827 N GALLOWAY AVE,MESQUITE,TX,75149
185,10911 DENNIS RD STE 407,DALLAS,TX,75229
186,6419 SKILLMAN ST # T1784,DALLAS,TX,75231
187,2301 DOTY LN,BALCH SPRINGS,TX,75180
188,2240 IRVING BLVD,DALLAS,TX,75207
189,805 E BELTLINE RD,CEDAR HILL,TX,75104
190,2007 SATURN RD,GARLAND,TX,75041
191,10190 FOREST LN STE 175,DALLAS,TX,75243
192,3503 ROWLETT RD STE J104J106,ROWLETT,TX,75088
193,2025 FORT WORTH AVE,DALLAS,TX,75208
194,9791 FOREST LN,DALLAS,TX,75243
195,1231 E PLEASANT RUN RD STE 114,DESOTO,TX,75115
196,3730 BELT LINE RD,ADDISON,TX,75001
197,14949 PRESTON RD,DALLAS,TX,75254
198,1450 W PLEASANT RUN RD STE 200,LANCASTER,TX,75146
199,2001 W NORTHWEST HWY STE 120,DALLAS,TX,75220
200,4205 PRESIDENT GEORGE BUSH HWY,SACHSE,TX,75048
201,3021 LOMBARDY LN # 104,DALLAS,TX,75220
202,3839 DIXON AVE,DALLAS,TX,75210
203,6464 E NORTHWEST HWY STE 326,DALLAS,TX,75214
204,611 S HAMPTON RD,DALLAS,TX,75208
205,255 CEDAR SAGE DR,GARLAND,TX,75040
206,2380 N FIELD ST,DALLAS,TX,75201
207,3230 E MAIN ST,GRAND PRAIRIE,TX,75050
208,7047 TWIN HILLS AVE STE 125,DALLAS,TX,75231
209,1213 MARKET PL,IRVING,TX,75063
210,3757 FOREST LN,DALLAS,TX,75244
211,1930 S BECKLEY AVE STE A,DALLAS,TX,75224
212,132 S CARROLL AVE,DALLAS,TX,75226
213,10455 N CENTRAL EXPY,DALLAS,TX,75231
214,1246 E CLARENDON DR,DALLAS,TX,75203
215,595 W PIONEER PKWY,GRAND PRAIRIE,TX,75051
216,1121 W PIONEER DR,IRVING,TX,75061
217,5100 LEMMON AVE,DALLAS,TX,75209
218,7640 MILITARY PKWY,DALLAS,TX,75227
219,840 E BELT LINE RD,CEDAR HILL,TX,75104
220,2900 MILES RD,SACHSE,TX,75048
221,2650 S STATE HIGHWAY 161,GRAND PRAIRIE,TX,75052
222,1422 W KINGSLEY RD STE 100,GARLAND,TX,75041
223,1016 W TRINITY MILLS RD STE 208,CARROLLTON,TX,75006
224,7700 SAMUELL BLVD,DALLAS,TX,75227
225,5550 W LOVERS LN STE 168,DALLAS,TX,75209
226,1207 S MACARTHUR BLVD,IRVING,TX,75060
227,3343 COUNTRY CLUB DR W,IRVING,TX,75038
228,565 W OATES RD STE 115,GARLAND,TX,75043
229,1300 E BELT LINE RD,CARROLLTON,TX,75006
230,13100 JOSEY LN,FARMERS BRANCH,TX,75234
231,2824 N BUCKNER BLVD,DALLAS,TX,75228
232,4460 W WALNUT ST STE 108,GARLAND,TX,75042
233,8600 N MACARTHUR BLVD # 100102,IRVING,TX,75063
234,915 N TOWN EAST BLVD,MESQUITE,TX,75150
235,8008 CEDAR SPRINGS RD,DALLAS,TX,75235
236,12300 LAKE JUNE RD,BALCH SPRINGS,TX,75180
237,213 LANE ST,MESQUITE,TX,75149
238,6401 ABRAMS RD,DALLAS,TX,75231
239,2063 TOWN EAST MALL,MESQUITE,TX,75150
240,6246 BROADWAY BLVD STE C,GARLAND,TX,75043
241,2600 S ZANG BLVD,DALLAS,TX,75224
242,8240 ABRAMS RD,DALLAS,TX,75231
243,975 E IRVING BLVD,IRVING,TX,75060
244,10938 ELAM RD,BALCH SPRINGS,TX,75180
245,10741 KING WILLIAM DR,DALLAS,TX,75220
246,9410 WALNUT ST,DALLAS,TX,75243
247,8060 SPRING VALLEY RD,DALLAS,TX,75240
248,11055 DENNIS RD STE 3,DALLAS,TX,75229
249,510 S CARRIER PKWY STE 141,GRAND PRAIRIE,TX,75051
250,1608 S 5TH ST,GARLAND,TX,75040
251,3117 S 1ST ST,GARLAND,TX,75041
252,1508 FALCON DR,DESOTO,TX,75115
253,108 W PARKERVILLE RD,DESOTO,TX,75115
254,3972 N CENTRAL EXPY,DALLAS,TX,75204
255,5050 CROZIER ST,DALLAS,TX,75215
256,9220 SKILLMAN ST STE 105,DALLAS,TX,75243
257,2425 W WALNUT ST STE 200,GARLAND,TX,75042
258,1017 FORT WORTH ST STE 550,GRAND PRAIRIE,TX,75050
259,125 SUMMER PLACE DR,COPPELL,TX,75019
260,4919 MCKINNEY AVE,DALLAS,TX,75205
261,402 E WHEATLAND RD,DUNCANVILLE,TX,75116
262,1308 E BEAR CREEK RD STE 130,GLENN HEIGHTS,TX,75154
263,9730 ABRAMS RD STE 114,DALLAS,TX,75243
264,10190 FOREST LN STE 125,DALLAS,TX,75243
265,901 MAIN ST STE C128,DALLAS,TX,75202
266,2419 W ILLINOIS AVE,DALLAS,TX,75233
267,6887 SHADYBROOK LN,DALLAS,TX,75231
268,10045 N MACARTHUR BLVD STE 109,IRVING,TX,75063
269,5011 MILITARY PKWY STE B,DALLAS,TX,75227
270,106 S FITZHUGH AVE,DALLAS,TX,75226
271,1145 W AIRPORT FWY,IRVING,TX,75062
272,1332 S PLANO RD,RICHARDSON,TX,75081
273,401 TOM LANDRY HWY,DALLAS,TX,75260
274,5712 SKILLMAN ST,DALLAS,TX,75206
275,2722 S JUPITER RD,GARLAND,TX,75041
276,633 W WHEATLAND RD,DUNCANVILLE,TX,75116
277,410 N INTERSTATE 45 SERVICE RD STE A,HUTCHINS,TX,75141
278,13307 MIDWAY RD,FARMERS BRANCH,TX,75244
279,1609 W BUCKINGHAM RD,GARLAND,TX,75042
280,10750 N STEMMONS FWY # 4,DALLAS,TX,75220
281,7700 SAMUELL BLVD,DALLAS,TX,75227
282,3009 N BELT LINE RD,IRVING,TX,75062
283,2932 N BUCKNER BLVD,DALLAS,TX,75228
284,777 W LYNDON B JOHNSON FWY,IRVING,TX,75063
285,129 N COLLINS RD STE 2103,SUNNYVALE,TX,75182
286,3600 W DAVIS ST # 103,DALLAS,TX,75211
287,591 W PIONEER PKWY,GRAND PRAIRIE,TX,75051
288,8201 E R L THORNTON FWY,DALLAS,TX,75228
289,4070 N BELT LINE RD STE 114,IRVING,TX,75038
290,460 CEDAR SAGE DR,GARLAND,TX,75040
291,8687 N CENTRAL EXPY # C2-630,DALLAS,TX,75225
292,1050 S BELTLINE RD,DALLAS,TX,75253
293,39 ARAPAHO VILLAGE CTR,RICHARDSON,TX,75080
294,6440 N MACARTHUR BLVD,IRVING,TX,75039
295,105 SUNVIEW ST,SUNNYVALE,TX,75182
296,8020 S POLK ST,DALLAS,TX,75232
297,7007 LAKE JUNE RD,DALLAS,TX,75217
298,3109 MONTICELLO AVE,DALLAS,TX,75205
299,2101 S RIVERFRONT BLVD,DALLAS,TX,75207
300,6465 SHADY BROOK LN,DALLAS,TX,75206
301,5520 LYONS RD,GARLAND,TX,75043
302,214 E PLEASANT RUN RD,DE SOTO,TX,75115
303,5530 COLUMBIA AVE,DALLAS,TX,75214
304,1135 E IRVING BLVD,IRVING,TX,75060
305,1050 N WESTMORELAND RD STE 110,DALLAS,TX,75211
306,8411 LAKE JUNE RD,DALLAS,TX,75217
307,7845 N MACARTHUR BLVD,IRVING,TX,75063
308,1422 ACTON AVE,DUNCANVILLE,TX,75137
309,501 N GALLOWAY AVE,MESQUITE,TX,75149
310,3317 N STORY RD,IRVING,TX,75062
311,3022 S SHILOH RD STE A,GARLAND,TX,75041
312,5601 W LOVERS LN STE 120,DALLAS,TX,75209
313,435 E DANIELDALE RD,DUNCANVILLE,TX,75137
314,8008 CEDAR SPRINGS RD,DALLAS,TX,75235
315,2524 S LANCASTER RD,DALLAS,TX,75216
316,1640 S COCKRELL HILL RD,GLENN HEIGHTS,TX,75154
317,101 W BUCKINGHAM RD,GARLAND,TX,75040
318,8008 S POLK ST STE 101,DALLAS,TX,75232
319,2004 E BELT LINE RD,CARROLLTON,TX,75006
320,3021 MARTIN LUTHER KING JR BLVD,DALLAS,TX,75215
321,4202 PIONEER RD,BALCH SPRINGS,TX,75180
322,1150 W KIEST BLVD STE 201,DALLAS,TX,75224
323,3160 SATURN RD STE 202,GARLAND,TX,75041
324,3725 S CARRIER PKWY STE 115,GRAND PRAIRIE,TX,75052
325,4142 LYNDON B JOHNSON FWY,DALLAS,TX,75244
326,940 E BELT LINE RD STE 122,RICHARDSON,TX,75081
327,3000 W PIONEER DR,IRVING,TX,75061
328,2302 W WALNUT HILL LN,IRVING,TX,75038
329,4070 N BELT LINE RD STE 113,IRVING,TX,75038
330,5828 ABRAMS RD,DALLAS,TX,75214
331,920 S BELT LINE RD STE 100,COPPELL,TX,75019
332,1810 W KINGSLEY RD STE 101,GARLAND,TX,75041
333,2951 S BUCKNER BLVD,DALLAS,TX,75227
334,2777 N STEMMONS FWY STE 108,DALLAS,TX,75207
335,350 N BLUEGROVE RD,LANCASTER,TX,75146
336,920 S BELT LINE RD STE 110,COPPELL,TX,75019
337,1433 W KINGSLEY RD STE 101,GARLAND,TX,75041
338,7834 LAKE JUNE RD,DALLAS,TX,75217
339,1820 W MOCKINGBIRD LN STE 150,DALLAS,TX,75235
340,220 N HIGHWAY 175,SEAGOVILLE,TX,75159
341,5803 FOXGLOVE LN,DALLAS,TX,75249
342,2200 ROSS AVE STE 200,DALLAS,TX,75201
343,619 W DAVIS ST,DALLAS,TX,75208
344,15203 KNOLL TRAIL DR STE 115,DALLAS,TX,75248
345,3322 N BUCKNER BLVD STE 120,DALLAS,TX,75228
346,3217 W DAVIS ST,DALLAS,TX,75211
347,3020 N HAMPTON RD,DALLAS,TX,75212
348,1551 CENTERVILLE RD,DALLAS,TX,75228
349,2537 VALLEY VIEW LN,FARMERS BRANCH,TX,75234
350,3249 DAWES DR,DALLAS,TX,75211
351,2106 N GALLOWAY AVE,MESQUITE,TX,75150
352,8702 SPRING VALLEY RD STE D,DALLAS,TX,75240
353,2535 NORTHEAST PKWY,GARLAND,TX,75040
354,3716 MAPLE AVE,DALLAS,TX,75219
355,2727 LIVE OAK ST,DALLAS,TX,75204
356,401 W ROCHELLE RD,IRVING,TX,75062
357,3500 BELTLINE RD,SUNNYVALE,TX,75182
358,7034 MILITARY PKWY,DALLAS,TX,75227
359,3950 S CARRIER PKWY STE 170,GRAND PRAIRIE,TX,75052
360,4163 W NORTHGATE DR,IRVING,TX,75062
361,11661 PRESTON RD STE 224,DALLAS,TX,75230
362,1229 ADMIRAL NIMITZ CIRCLE EMBARCADERO B,DALLAS,TX,75210
363,24315 LYNDON B JOHNSON FWY # 635,MESQUITE,TX,75180
364,2225 W LEDBETTER DR,DALLAS,TX,75224
365,8122 FOREST LN STE A,DALLAS,TX,75243
366,10350 N CENTRAL EXPY,DALLAS,TX,75231
367,3733 PINEBROOK DR,DALLAS,TX,75241
368,2650 HICKORY TREE RD # 103,BALCH SPRINGS,TX,75180
369,910 E GRAUWYLER RD,IRVING,TX,75061
370,150 HACKBERRY RD,COPPELL,TX,75019
371,2417 N HASKELL AVE,DALLAS,TX,75204
372,3230 MARTIN LUTHER KING JR BLVD,DALLAS,TX,75210
373,4001 VILLANOVA ST,DALLAS,TX,75225
374,1026 S MAIN ST,DUNCANVILLE,TX,75137
375,2111 S CESAR CHAVEZ BLVD,DALLAS,TX,75215
376,4517 SATURN RD,GARLAND,TX,75041
377,2769 W CLARENDON DR,DALLAS,TX,75211
378,7107 S R L THORNTON FWY,DALLAS,TX,75232
379,10967 N STEMMONS FWY,DALLAS,TX,75220
380,104 S INTERSTATE HIGHWAY 45,WILMER,TX,75172
381,3367 CONFLANS RD STE 100,IRVING,TX,75061
382,2121 W ROCHELLE RD STE 103,IRVING,TX,75062
383,504 N O CONNOR RD,IRVING,TX,75061
384,1213 E TRINITY MILLS RD,CARROLLTON,TX,75006
385,6465 E MOCKINGBIRD LN STE 354,DALLAS,TX,75214
386,630 W PLEASANT RUN RD STE 148,LANCASTER,TX,75146
387,3330 N GALLOWAY AVE STE 150,MESQUITE,TX,75150
388,4616 NORTHWEST HWY,GARLAND,TX,75043
389,2940 S 1ST ST,GARLAND,TX,75041
390,2259 ANSON RD,DALLAS,TX,75235
391,3959 BROADWAY BLVD,GARLAND,TX,75043
392,7606 GREENVILLE AVE,DALLAS,TX,75231
393,1502 ELM ST,DALLAS,TX,75201
394,150 W MAIN ST APT 222,RICHARDSON,TX,75081
395,215 W CAMP WISDOM RD STE #12/15,DUNCANVILLE,TX,75116
396,8008 CEDAR SPRINGS RD,DALLAS,TX,75235
397,1201 MAIN ST STE P250,DALLAS,TX,75202
398,1608 S 5TH ST,GARLAND,TX,75040
399,2950 W COMMERCE ST,DALLAS,TX,75212
400,15757 COIT RD,DALLAS,TX,75248
401,3733 N TOWN EAST BLVD,MESQUITE,TX,75150
402,5609 ALPHA RD,DALLAS,TX,75240
403,10304 FOREST LN,DALLAS,TX,75243
404,2214 INWOOD RD,DALLAS,TX,75235
405,4029 W JEFFERSON BLVD,COCKRELL HILL,TX,75211
406,750 S SHERMAN ST,RICHARDSON,TX,75081
407,4919 MCKINNEY AVE,DALLAS,TX,75205
408,11918 SEAGOVILLE RD,BALCH SPRINGS,TX,75180
409,800 S COCKRELL HILL RD,DUNCANVILLE,TX,75137
410,2500 LAWRENCE ST,DALLAS,TX,75215
411,3223 N WESTMORELAND RD STE 3652,DALLAS,TX,75212
412,3917 W CAMP WISDOM RD STE 110,DALLAS,TX,75237
413,4525 COLE AVE STE 100,DALLAS,TX,75205
414,1909 S CESAR CHAVEZ BLVD,DALLAS,TX,75215
415,3002 E MAIN ST,GRAND PRAIRIE,TX,75050
416,7117 INWOOD RD,DALLAS,TX,75209
417,12004 ELAM RD,BALCH SPRINGS,TX,75180
418,8405 PARK LN,DALLAS,TX,75231
419,700 N DENTON TAP ROAD,COPPELL,TX,75019
420,7700 W NORTHWEST HWY,DALLAS,TX,75225
421,13548 PRESTON RD,DALLAS,TX,75240
422,13350 DALLAS PKWY,DALLAS,TX,75240
423,209 S ROGERS RD,IRVING,TX,75060
424,1307 1/2 W DAVIS ST,DALLAS,TX,75208
425,522 PRESTON ROYAL SHOPPING CTR,DALLAS,TX,75230
426,925 W JOHN CARPENTER FWY STE 104,IRVING,TX,75039
427,735 N WESTMORELAND RD,DALLAS,TX,75211
428,5328 LEMMON AVE,DALLAS,TX,75209
429,5555 S BUCKNER BLVD,DALLAS,TX,75228
430,10121 LAKE JUNE RD STE 200,DALLAS,TX,75217
431,2938 ANODE LN,DALLAS,TX,75220
432,716 GROSS RD,MESQUITE,TX,75149
433,611 W JEFFERSON BLVD,DALLAS,TX,75208
434,7011 MILITARY PKWY STE A,DALLAS,TX,75227
435,2315 W LEDBETTER DR,DALLAS,TX,75224
436,241 E FM 1382 STE 310,CEDAR HILL,TX,75104
437,1340 ELISE,CEDAR HILL,TX,75104
438,150 HACKBERRY RD,COPPELL,TX,75019
439,2620 N JOSEY LN,CARROLLTON,TX,75007
440,10850 HARRY HINES BLVD STE 170,DALLAS,TX,75220
441,333 S SAINT AUGUSTINE DR STE 129,DALLAS,TX,75217
442,1417 N DUNCANVILLE RD,DUNCANVILLE,TX,75116
443,2617 FREEWOOD DR,DALLAS,TX,75220
444,901 SW 3RD ST,GRAND PRAIRIE,TX,75051
445,103 W OHIO AVE,DALLAS,TX,75224
446,13612 MIDWAY RD # 333-1,FARMERS BRANCH,TX,75244
447,3106 DAWES DR,DALLAS,TX,75211
448,8140 N MACARTHUR BLVD STE 110,IRVING,TX,75063
449,2140 W GRAUWYLER RD,IRVING,TX,75061
450,2315 LAKELAND DR,DALLAS,TX,75228
451,12835 PRESTON RD,DALLAS,TX,75230
452,1815 W TARRANT RD STE 215,GRAND PRAIRIE,TX,75050
453,750 N DENTON TAP RD,COPPELL,TX,75019
454,12925 ELAM RD STE 101,BALCH SPRINGS,TX,75180
455,13340 AUDELIA RD STE 136,DALLAS,TX,75243
456,3030 S LANCASTER RD,DALLAS,TX,75216
457,3400 SAMUELL BLVD STE A,DALLAS,TX,75223
458,1906 S DENLEY DR,DALLAS,TX,75216
459,4203 DALTON DR,DALLAS,TX,75216
460,8701 LIBERTY GROVE RD STE 800,ROWLETT,TX,75089
461,5374 S 2ND AVE,DALLAS,TX,75210
462,2242 WALNUT GROVE LN,GARLAND,TX,75044
463,3520 W KINGSLEY RD,GARLAND,TX,75041
464,5321 THE STATION BLVD STE B150,SACHSE,TX,75048
465,1016 W TRINITY MILLS RD STE 128,CARROLLTON,TX,75006
466,2835 N HENDERSON AVE,DALLAS,TX,75206
467,739 N HIGHWAY 67,CEDAR HILL,TX,75104
468,9461 WEBB CHAPEL RD,DALLAS,TX,75220
469,105 E SANER AVE,DALLAS,TX,75216
470,11617 N CENTRAL EXPY STE 135,DALLAS,TX,75243
471,5750 E LOVERS LN STE A,DALLAS,TX,75206
472,2620 N JOSEY LN,CARROLLTON,TX,75007
473,1422 W KINGSLEY RD STE 100,GARLAND,TX,75041
474,4946 MILITARY PKWY,DALLAS,TX,75227
475,1010 E 8TH ST # 150,DALLAS,TX,75203
476,9440 MARSH LN,DALLAS,TX,75220
477,8282 SPRING VALLEY RD,DALLAS,TX,75240
478,315 S HAMPTON RD,DALLAS,TX,75208
479,9009 BRUTON RD,DALLAS,TX,75217
480,10222 N STEMMONS FWY,DALLAS,TX,75220
481,4218 W LOVERS LN,DALLAS,TX,75209
482,677 W CAMPBELL RD STE 100,RICHARDSON,TX,75080
483,3733 N TOWN EAST BLVD,MESQUITE,TX,75150
484,16210 MIDWAY RD,ADDISON,TX,75001
485,3505 N BELT LINE RD,IRVING,TX,75062
486,836 OVER RIDGE DR,GRAND PRAIRIE,TX,75052
487,201 S ROGERS RD,IRVING,TX,75060
488,2548 DICKERSON PKWY STE 112,CARROLLTON,TX,75006
489,1821 S SAINT AUGUSTINE DR,DALLAS,TX,75217
490,2420 N FITZHUGH AVE,DALLAS,TX,75204
491,8707 E R L THORNTON FWY,DALLAS,TX,75228
492,515 W CAMPBELL RD STE 101,RICHARDSON,TX,75080
493,3500 LAKEVIEW PKWY STE 100,ROWLETT,TX,75088
494,2809 MOTLEY DR,MESQUITE,TX,75150
495,12835 PRESTON RD STE 302,DALLAS,TX,75230
496,8351 CLARK RD STE 103 104,DALLAS,TX,75236
497,120 S DENTON TAP RD,COPPELL,TX,75019
498,11709 SEAGOVILLE RD,BALCH SPRINGS,TX,75180
499,14851 INWOOD RD,ADDISON,TX,75001
500,1800 N GALLOWAY AVE STE 200,MESQUITE,TX,75149
501,501 S ROSEMONT AVE,DALLAS,TX,75208
502,3202 SAMUELL BLVD,DALLAS,TX,75223
503,1005 S ZANG BLVD,DALLAS,TX,75208
504,8698 SKILLMAN ST,DALLAS,TX,75243
505,10909 WEBB CHAPEL RD STE 131,DALLAS,TX,75229
506,6185 RETAIL RD STE 200,DALLAS,TX,75231
507,1005 S RIVERFRONT BLVD,DALLAS,TX,75207
508,1909 SKILLMAN ST,DALLAS,TX,75206
509,3621 N BELT LINE RD,IRVING,TX,75062
510,7517 MILITARY PKWY,DALLAS,TX,75227
511,6402 E MOCKINGBIRD LN STE B,DALLAS,TX,75214
512,10325 LAKE JUNE RD STE 550,DALLAS,TX,75217
513,2917 LOMBARDY LN,DALLAS,TX,75220
514,5727 CARUTH HAVEN LN APT 114,DALLAS,TX,75206
515,215 S CENTER ST,GRAND PRAIRIE,TX,75051
516,8702 SPRING VALLEY RD,DALLAS,TX,75240
517,2200 W SHADY GROVE RD,IRVING,TX,75060
518,3635 GUS THOMASSON RD STE A,MESQUITE,TX,75150
519,2901 N AIRFIELD DR,DALLAS,TX,75261
520,2215 OATES DR,DALLAS,TX,75228
521,3115 BUNKER HILL RD STE 107,SACHSE,TX,75048
522,3939 S POLK ST STE 323,DALLAS,TX,75224
523,1710 W IRVING BLVD,IRVING,TX,75061
524,9810 WALNUT HILL LN,DALLAS,TX,75238
525,2114 W KINGSLEY RD,GARLAND,TX,75041
526,2750 E TRINITY MILLS RD,CARROLLTON,TX,75006
527,2535 NORTHEAST PARKWAY,GARLAND,TX,75040
528,3535 N BELT LINE RD,IRVING,TX,75062
529,251 E GRAUWYLER RD,IRVING,TX,75061
530,5614 E R L THORNTON FWY,DALLAS,TX,75223
531,625 W WHEATLAND RD,DUNCANVILLE,TX,75116
532,1501 PIONEER RD,MESQUITE,TX,75149
533,11920 PRESTON RD,DALLAS,TX,75230
534,7015 HOLLY HILL DR,DALLAS,TX,75231
535,1294 E LEDBETTER DR,DALLAS,TX,75216
536,39739 LYNDON B JOHNSON FWY,DALLAS,TX,75237
537,7331 GASTON AVE,DALLAS,TX,75214
538,5809 E LOVERS LN,DALLAS,TX,75206
539,4115 SKILLMAN ST,DALLAS,TX,75206
540,1229 ADMIRAL NIMITZ CIR,DALLAS,TX,75210
541,7015 TWIN HILLS AVE,DALLAS,TX,75231
542,4101 HERALD DR,GARLAND,TX,75044
543,820 E BELT LINE RD,CEDAR HILL,TX,75104
544,2819 S GARLAND AVE,GARLAND,TX,75041
545,3620 W WALNUT ST,GARLAND,TX,75042
546,4202 S WESTMORELAND RD,DALLAS,TX,75233
547,1855 S GARLAND AVE,GARLAND,TX,75040
548,3318 E JEFFERSON ST,GRAND PRAIRIE,TX,75051
549,5002 S 2ND AVE,DALLAS,TX,75210
550,6440 E MOCKINGBIRD LN,DALLAS,TX,75214
551,4334 SATURN RD,GARLAND,TX,75041
552,13739 N CENTRAL EXPY,DALLAS,TX,75243
553,180 W SANDY LAKE RD,COPPELL,TX,75019
554,7828 LAKE JUNE RD,DALLAS,TX,75217
555,1423B N BELT LINE RD,IRVING,TX,75061
556,10290 FERGUSON RD,DALLAS,TX,75228
557,5225 BELT LINE RD STE 208,DALLAS,TX,75254
558,8055 CHURCHILL WAY,DALLAS,TX,75251
559,1827 S HASKELL AVE,DALLAS,TX,75223
560,3034 E ILLINOIS AVE,DALLAS,TX,75216
561,4340 GUS THOMASSON RD STE D,MESQUITE,TX,75150
562,3701 ESTERS RD STE 109,IRVING,TX,75038
563,3308 W KIEST BLVD,DALLAS,TX,75233
564,1139 MONTERREY TRL,MESQUITE,TX,75149
565,3502 S LANCASTER RD,DALLAS,TX,75216
566,1303 N DALLAS AVE,LANCASTER,TX,75134
567,1402 N CARROLL AVE,DALLAS,TX,75204
568,12933 ELAM RD,BALCH SPRINGS,TX,75180
569,2907 IRVING BLVD,DALLAS,TX,75247
570,4550 W BUCKINGHAM RD,GARLAND,TX,75042
571,6401 RIVERSIDE DR,IRVING,TX,75039
572,6451 RIVERSIDE DR,IRVING,TX,75039
573,9353 GARLAND RD,DALLAS,TX,75218
574,4735 S LANCASTER RD,DALLAS,TX,75216
575,5433 BOTHAM JEAN BLVD,DALLAS,TX,75215
576,4104 GASTON AVE,DALLAS,TX,75246
577,2543 N FITZHUGH AVE,DALLAS,TX,75204
578,9632 OVERLAKE DR,DALLAS,TX,75220
579,3035 N BUCKNER BLVD,DALLAS,TX,75228
580,3612 N BELT LINE RD,IRVING,TX,75062
581,4938 MILITARY PKWY,DALLAS,TX,75227
582,3035 BROADWAY BLVD STE D,GARLAND,TX,75041
583,102 W PLEASANT RUN RD,DESOTO,TX,75115
584,1331 E AIRPORT FWY,IRVING,TX,75062
585,2203 GREENVILLE AVE,DALLAS,TX,75206
586,3600 GUS THOMASSON,MESQUITE,TX,75150
587,105 HALL RD STE 129B,SEAGOVILLE,TX,75159
588,2302 S 2ND AVE,DALLAS,TX,75210
589,212 MEDALLION SHP CTR,DALLAS,TX,75214
590,9353 GARLAND RD,DALLAS,TX,75218
591,10325 LAKE JUNE RD,DALLAS,TX,75217
592,8006 FORNEY RD STE 140,DALLAS,TX,75227
593,2404 VICTORY PARK LN,DALLAS,TX,75219
594,825 S CARROLL AVE,DALLAS,TX,75223
595,4639 SINGLETON BLVD,DALLAS,TX,75212
596,13350 DALLAS PKWY # 3285,DALLAS,TX,75240
597,4823 BRYAN ST,DALLAS,TX,75204
598,460 CONEFLOWER DR,GARLAND,TX,75040
599,801 N O CONNOR RD # 1007,IRVING,TX,75061
600,3333 W AIRPORT FWY,IRVING,TX,75062
601,2839 S ERVAY ST,DALLAS,TX,75215
602,4850 SAMUELL BLVD,MESQUITE,TX,75149
603,1437 S MARLBOROUGH AVE,DALLAS,TX,75208
604,1614 S 5TH ST,GARLAND,TX,75040
605,8701 LAKEVIEW PKWY,ROWLETT,TX,75088
606,11925 ELAM RD,BALCH SPRINGS,TX,75180
607,1815 S 1ST ST STE E,GARLAND,TX,75040
608,1629 N TOWN EAST BLVD,MESQUITE,TX,75150
609,1818 METROPOLITAN AVE,DALLAS,TX,75215
610,950 E SANDY LAKE RD,COPPELL,TX,75019
611,5936 MILITARY PKWY,DALLAS,TX,75227
612,3600 W JEFFERSON BLVD,DALLAS,TX,75211
613,1546 ROWLETT RD STE 103,GARLAND,TX,75043
614,3000 PIONEER RD STE 1,BALCH SPRINGS,TX,75181
615,1930 N COIT RD STE 151,RICHARDSON,TX,75080
616,2201 W GRAUWYLER RD,IRVING,TX,75061
617,1770 W IRVING BLVD STE 11,IRVING,TX,75061
618,3115 BUNKER HILL RD STE 103,SACHSE,TX,75048
619,440 S HAMPTON RD,DE SOTO,TX,75115
620,3701 NW HWY #203,DALLAS,TX,75220
621,7729 GARLAND RD,DALLAS,TX,75218
622,160 N COIT RD,RICHARDSON,TX,75080
623,751 FREEPORT PKWY,COPPELL,TX,75019
624,10455 N CENTRAL EXPY STE 119,DALLAS,TX,75231
625,1506 W MILLER RD,GARLAND,TX,75041
626,6850 N SHILOH RD,GARLAND,TX,75044
627,2376 LAVON DR STE 110,GARLAND,TX,75040
628,2860 WALNUT HILL LN STE 106,DALLAS,TX,75229
629,400 N GREENVILLE AVE STE 1,RICHARDSON,TX,75081
630,5111 KIAMESHA WAY,MESQUITE,TX,75150
631,2217 IVAN ST,DALLAS,TX,75201
632,1023 E PIONEER DR APT 119,IRVING,TX,75061
633,1800 N GALLOWAY AVE STE 200,MESQUITE,TX,75149
634,4010 N MACARTHUR BLVD # 100,IRVING,TX,75038
635,2810 SAMUELL BLVD STE A,DALLAS,TX,75223
636,1102 E PIONEER DR STE H,IRVING,TX,75061
637,355 CONEFLOWER DR,GARLAND,TX,75040
638,536 CENTENNIAL BLVD,RICHARDSON,TX,75081
639,2963 BELLE STARR DR,DALLAS,TX,75227
640,2927 LOMBARDY LN,DALLAS,TX,75220
641,14825 INWOOD RD,ADDISON,TX,75001
642,4100 W AIRPORT FWY,IRVING,TX,75062
643,4436 LEMMON AVE,DALLAS,TX,75219
644,1551 S BECKLEY RD STE A,GLENN HEIGHTS,TX,75154
645,3626 W NORTHGATE DR,IRVING,TX,75062
646,9024 LAKE JUNE RD STE A,DALLAS,TX,75217
647,6038 ORAM ST,DALLAS,TX,75206
648,1322 N HAMPTON RD,DALLAS,TX,75208
649,2316 TIMBERLAKE DR,IRVING,TX,75062
650,2543 S BUCKNER BLVD STE A,DALLAS,TX,75227
651,2808 S MARSALIS AVE,DALLAS,TX,75216
652,333 S CEDAR RIDGE DR,DUNCANVILLE,TX,75116
653,609 DAIRY RD STE 100,GARLAND,TX,75040
654,4275 W NORTHWEST HWY,DALLAS,TX,75220
655,2237 JOE FIELD RD STE 101,DALLAS,TX,75229
656,1800 MAIN ST STE 124,DALLAS,TX,75201
657,14856 PRESTON RD STE 200,DALLAS,TX,75254
658,12800 JUPITER RD APT 322,DALLAS,TX,75238
659,332 W COMMERCE ST,DALLAS,TX,75208
660,2347 OATES DR,DALLAS,TX,75228
661,1907 S CESAR CHAVEZ BLVD,DALLAS,TX,75215
662,1706 N HIGHWAY 175,SEAGOVILLE,TX,75159
663,3807 E KIEST BLVD,DALLAS,TX,75203
664,430 N COIT RD,RICHARDSON,TX,75080
665,410 N O CONNOR RD,IRVING,TX,75061
666,4921 GUS THOMASSON RD,MESQUITE,TX,75150
667,8034 CHRYSALIS DR,DALLAS,TX,75237
668,5123 W LOVERS LN,DALLAS,TX,75209
669,106 HALL RD,SEAGOVILLE,TX,75159
670,950 S CARRIER PKWY,GRAND PRAIRIE,TX,75051
671,6038 ORAM ST,DALLAS,TX,75206
672,1380 W CAMPBELL RD,RICHARDSON,TX,75080
673,1007 W PLEASANT RUN RD,LANCASTER,TX,75146
674,727 E ANN ARBOR AVE,DALLAS,TX,75216
675,5050 LAKEVIEW PKWY,ROWLETT,TX,75088
676,1933 NORTHWEST HWY STE A,GARLAND,TX,75041
677,310 N BARNES DR STE A,GARLAND,TX,75042
678,6025 ROYAL LN STE 105,DALLAS,TX,75230
679,17194 PRESTON RD,DALLAS,TX,75248
680,3803 S POLK ST,DALLAS,TX,75224
681,9751 WALNUT ST STE 112,DALLAS,TX,75243
682,8550 PLANO RD STE 102,DALLAS,TX,75238
683,515 S MACARTHUR BLVD,IRVING,TX,75060
684,2800 GLENWICK LN STE 100,IRVING,TX,75060
685,119 W KINGSLEY RD STE 121,GARLAND,TX,75041
686,520 W 6TH ST,IRVING,TX,75060
687,3219 FOREST LN,GARLAND,TX,75042
688,1227 MORRELL AVE,DALLAS,TX,75203
689,701 E CARTWRIGHT RD STE 123,MESQUITE,TX,75149
690,1415 N DALLAS AVE,LANCASTER,TX,75134
691,7939 WALNUT HILL LN,DALLAS,TX,75230
692,300 TERRACE DR STE 310A,RICHARDSON,TX,75081
693,4123 W CLARENDON DR,DALLAS,TX,75211
694,5427 N MACARTHUR BLVD,IRVING,TX,75038
695,4112 N JOSEY LANE,CARROLLTON,TX,75007
696,7505 N MACARTHUR BLVD,IRVING,TX,75063
697,12405 JUPITER RD,DALLAS,TX,75218
698,2240 ROYAL LN STE 303,DALLAS,TX,75229
699,3939 FRANKFORD RD,DALLAS,TX,75287
700,2015 N MASTERS DR STE 260,DALLAS,TX,75217
701,1030 N HIGHWAY 67 STE A,CEDAR HILL,TX,75104
702,3250 W PLEASANT RUN RD STE 230,LANCASTER,TX,75146
703,2780 ROYAL LN STE B,DALLAS,TX,75229
704,15050 PRESTON RD,DALLAS,TX,75254
705,8361 PARK LN STE 100,DALLAS,TX,75231
706,1007 W CAMP WISDOM RD,DALLAS,TX,75232
707,3434 WEBB CHAPEL EXT,DALLAS,TX,75220
708,14821 INWOOD RD,ADDISON,TX,75001
709,4425 W WALNUT ST STE 315,GARLAND,TX,75042
710,126 E CENTERVILLE RD,GARLAND,TX,75041
711,3733 N TOWN EAST BLVD STE 100,MESQUITE,TX,75150
712,3757 FOREST LN,DALLAS,TX,75244
713,1031 E PLEASANT RUN RD,DESOTO,TX,75115
714,2726 W IRVING BLVD,IRVING,TX,75061
715,5120 HIGHWAY 78 STE 500,SACHSE,TX,75048
716,1001 N INTERSTATE 35 E STE 500,DESOTO,TX,75115
717,3011 GULDEN LN STE 119,DALLAS,TX,75212
718,2211 COYOTE TRL,GRAND PRAIRIE,TX,75052
719,2330 ROYAL LN STE 700,DALLAS,TX,75229
720,5338 LINDSLEY AVE,DALLAS,TX,75223
721,4120 GASTON AVE,DALLAS,TX,75246
722,1821 W TARRANT RD,GRAND PRAIRIE,TX,75050
723,1456 BELT LINE RD STE 127,GARLAND,TX,75044
724,2220 N TOWN EAST BLVD,MESQUITE,TX,75150
725,2015 CORINTH ST,DALLAS,TX,75215
726,1240 W BELT LINE RD STE D,DESOTO,TX,75115
727,2001 GREENVILLE AVE,DALLAS,TX,75206
728,3526 W WALNUT ST,GARLAND,TX,75042
729,1919 FAITHON LUCAS,MESQUITE,TX,75181
730,6333 E MOCKINGBIRD LN STE 301,DALLAS,TX,75214
731,532 W I-30,GARLAND,TX,75043
732,200 US HIGHWAY 80 E,MESQUITE,TX,75149
733,9500 WEBB CHAPEL RD,DALLAS,TX,75220
734,317 E PIONEER PKWY,GRAND PRAIRIE,TX,75051
735,4151 N CENTRAL EXPY,DALLAS,TX,75204
736,12789 MIDWAY RD,DALLAS,TX,75244
737,9606 C F HAWN FWY,DALLAS,TX,75217
738,2938 STOREY LN,DALLAS,TX,75220
739,200 W CAMP WISDOM RD,DUNCANVILLE,TX,75116
740,2460 LACY LN STE 110,CARROLLTON,TX,75006
741,3540 SIMPSON STUART RD,DALLAS,TX,75241
742,9256 MARKVILLE DR,DALLAS,TX,75243
743,5006 PETERSBURG DR,ROWLETT,TX,75088
744,9811 WALNUT HILL LN,DALLAS,TX,75238
745,7401 SAMUELL BLVD,DALLAS,TX,75228
746,3107 S COCKRELL HILL RD,DALLAS,TX,75236
747,4141 OFFICE PKWY,DALLAS,TX,75204
748,3400 N BELT LINE RD,SUNNYVALE,TX,75182
749,2517 S BECKLEY AVE,DALLAS,TX,75224
750,1050 N WESTMORELAND RD STE 312,DALLAS,TX,75211
751,3426 GREENVILLE AVE,DALLAS,TX,75206
752,525 N GALLOWAY AVE,MESQUITE,TX,75149
753,4600 MALCOLM X BLVD,DALLAS,TX,75215
754,6750 MURPHY RD,SACHSE,TX,75048
755,4410 W LOVERS LN,DALLAS,TX,75209
756,2145 CHENAULT DR STE 110,CARROLLTON,TX,75006
757,10677 E NORTHWEST HWY STE 300,DALLAS,TX,75238
758,7205 FERGUSON RD,DALLAS,TX,75228
759,1432 W BUCKINGHAM RD,GARLAND,TX,75042
760,9225 GARLAND RD STE 2120,DALLAS,TX,75218
761,6204 BEXAR ST,DALLAS,TX,75215
762,4411 W KIEST BLVD,DALLAS,TX,75236
763,828 S GALLOWAY AVE,MESQUITE,TX,75149
764,3937 S COCKRELL HILL RD,DALLAS,TX,75236
765,1323 W CLARENDON DR,DALLAS,TX,75208
766,6501 DALROCK RD STE 102,ROWLETT,TX,75089
767,1501 N PLANO RD STE 200,RICHARDSON,TX,75081
768,2500 S INTERSTATE 45 SERVICE RD,HUTCHINS,TX,75141
769,2830 S HIGHWAY 161,GRAND PRAIRIE,TX,75052
770,714 N GALLOWAY AVE,MESQUITE,TX,75149
771,374 E FM 1382,CEDAR HILL,TX,75104
772,3772 BELT LINE RD,ADDISON,TX,75001
773,4901 BRYAN ST,DALLAS,TX,75206
774,4328 S MARSALIS AVE,DALLAS,TX,75216
775,7995 LYNDON B JOHNSON FWY STE 110,DALLAS,TX,75251
776,1610 S WESTMORELAND RD,DALLAS,TX,75211
777,14054 N STEMMONS FWY,FARMERS BRANCH,TX,75234
778,1600 S INTERSTATE 35E,CARROLLTON,TX,75006
779,1205 W TRINITY MILLS RD STE 112,CARROLLTON,TX,75006
780,2851 DAIRY RD STE B,GARLAND,TX,75041
781,4941 BELT LINE RD,DALLAS,TX,75254
782,3770 BELT LINE RD,ADDISON,TX,75001
783,7510 E GRAND AVE APT 3214,DALLAS,TX,75214
784,2817 N HIGHWAY 175,SEAGOVILLE,TX,75159
785,3105 LOMITA DR STE 107B,LANCASTER,TX,75146
786,13050 BEE ST STE 100,FARMERS BRANCH,TX,75234
787,800 W JEFFERSON BLVD,DALLAS,TX,75208
788,254 S RIVERFRONT BLVD,DALLAS,TX,75207
789,6575 E NORTHWEST HWY,DALLAS,TX,75231
790,4855 N CENTRAL EXPY,DALLAS,TX,75205
791,200 SHORT BLVD,DALLAS,TX,75232
792,14500 JOSEY LN STE 105,FARMERS BRANCH,TX,75234
793,225 GOLD ST,GARLAND,TX,75042
794,5665 E MOCKINGBIRD LN,DALLAS,TX,75206
795,9255 S CENTRAL EXPY,DALLAS,TX,75241
796,338 AVENUE G,DALLAS,TX,75203
797,510 N PLANO RD,GARLAND,TX,75042
798,752 WYNNEWOOD VILLAGE SC,DALLAS,TX,75224
799,3308 FORT WORTH AVE,DALLAS,TX,75211
800,2402 N FITZHUGH AVE,DALLAS,TX,75204
801,3032 AL LIPSCOMB WAY,DALLAS,TX,75215
802,501 WARREN DR,GARLAND,TX,75042
803,2802 ROYAL LN STE 101,DALLAS,TX,75229
804,210 E PLEASANT RUN RD,DESOTO,TX,75115
805,3005 APOLLO RD,GARLAND,TX,75044
806,4112 N JOSEY,CARROLLTON,TX,75007
807,2202 HEADS LN STE 100,CARROLLTON,TX,75006
808,1012 RIDGEVIEW ST STE 107,MESQUITE,TX,75149
809,7002 WAX BERRY DR,DALLAS,TX,75249
810,211 W GRUBB DR,MESQUITE,TX,75149
811,14999 PRESTON RD,DALLAS,TX,75240
812,901 RODEO CENTER BLVD,MESQUITE,TX,75149
813,6501 DALROCK RD STE 104,ROWLETT,TX,75089
814,1016 MURDOCK RD,DALLAS,TX,75217
815,101 S WALTON ST STE 215,DALLAS,TX,75226
816,1919 W SCYENE RD,MESQUITE,TX,75149
817,13015 COIT RD STE C,DALLAS,TX,75240
818,10370 OLYMPIC DR STE A,DALLAS,TX,75220
819,2425 SOUTHWELL RD,DALLAS,TX,75229
820,3880 IRVING MALL # 3851,IRVING,TX,75062
821,2660 N BELT LINE RD,IRVING,TX,75062
822,10720 PRESTON RD STE 1018,DALLAS,TX,75230
823,6434 E MOCKINGBIRD LN STE 109,DALLAS,TX,75214
824,2114 W KINGSLEY RD,GARLAND,TX,75041
825,3805 W WALNUT ST,GARLAND,TX,75042
826,2309 GUS THOMASSON RD,DALLAS,TX,75228
827,910 S HAMPTON RD STE D,DALLAS,TX,75208
828,14211 COIT RD,DALLAS,TX,75254
829,4001 VILLANOVA ST,DALLAS,TX,75225
830,7700 W NORTHWEST HWY STE 100,DALLAS,TX,75225
831,919 LUCILLE ST,IRVING,TX,75060
832,9140 FOREST LN,DALLAS,TX,75243
833,4142 CEDAR SPRINGS RD,DALLAS,TX,75219
834,723 S BEACON ST,DALLAS,TX,75223
835,2410 DUNCANVILLE RD STE 110,DALLAS,TX,75211
836,2520 W IRVING BLVD STE 120,IRVING,TX,75061
837,300 E JEFFERSON,DALLAS,TX,75203
838,2220 N TOWN EAST BLVD,MESQUITE,TX,75150
839,311 E CAMP WISDOM RD,DUNCANVILLE,TX,75116
840,4241 CAPITOL AVE,DALLAS,TX,75204
841,5190 HIGHWAY 78,SACHSE,TX,75048
842,2218 S JUPITER RD STE 106,GARLAND,TX,75041
843,3000 BLACKBURN ST STE 160,DALLAS,TX,75204
844,10332 FERGUSON RD,DALLAS,TX,75228
845,4150 KELLWAY CIR,ADDISON,TX,75001
846,7075 W WHEATLAND RD,DALLAS,TX,75249
847,210 SW 2ND ST STE 250,GRAND PRAIRIE,TX,75051
848,235 E FM 1382,CEDAR HILL,TX,75104
849,313 W PIONEER PKWY,GRAND PRAIRIE,TX,75051
850,4726 CORNELL DR,GARLAND,TX,75042
851,9281 S CENTRAL EXPY,DALLAS,TX,75241
852,17227 MARIANNE CIR,DALLAS,TX,75252
853,1406 W WALNUT ST,GARLAND,TX,75042
854,5909 S HAMPTON RD,DALLAS,TX,75232
855,7501 LAKE RIDGE PKWY,GRAND PRAIRIE,TX,75054
856,1420 W 6TH ST,IRVING,TX,75060
857,203 W CAMP WISDOM RD,DUNCANVILLE,TX,75116
858,4323 W ILLINOIS AVE STE 104,DALLAS,TX,75211
859,12400 COIT RD STE 130,DALLAS,TX,75251
860,7777 FOREST LN # C-A92,DALLAS,TX,75230
861,2505 FARRINGTON ST,DALLAS,TX,75207
862,8704 CYPRESS WATERS BLVD STE 100,IRVING,TX,75063
863,4901 MAPLE AVE,DALLAS,TX,75235
864,9761 WALNUT ST,DALLAS,TX,75243
865,3500 N BELT LINE RD STE 110,IRVING,TX,75062
866,828 S CARRIER PKWY STE 101,GRAND PRAIRIE,TX,75051
867,9334 CLEARHURST DR,DALLAS,TX,75238
868,5627 W LOVERS LN,DALLAS,TX,75209
869,2445 GOLDFINCH LN,GARLAND,TX,75042
870,2605 LYNDON B JOHNSON FWY,DALLAS,TX,75234
871,702 E WARRIOR TRL,GRAND PRAIRIE,TX,75052
872,3320 SAMUELL BLVD,DALLAS,TX,75223
873,9910 MONROE DR STE A8,DALLAS,TX,75220
874,1917 FOX MEADOW TRL,GRAND PRAIRIE,TX,75052
875,4444 W JEFFERSON BLVD STE 622,DALLAS,TX,75211
876,1713 S BELT LINE RD,GRAND PRAIRIE,TX,75051
877,950 E MALLOY BRG,SEAGOVILLE,TX,75159
878,1201 MAIN ST STE P290,DALLAS,TX,75202
879,10818 DENNIS RD STE 103,DALLAS,TX,75229
880,4343 W CAMP WISDOM RD STE 124,DALLAS,TX,75237
881,424 E PIONEER PKWY,GRAND PRAIRIE,TX,75051
882,2300 ROWLETT RD STE 120,ROWLETT,TX,75088
883,925 NORTHWEST HWY,GARLAND,TX,75041
884,607 TENISON MEMORIAL DR,DALLAS,TX,75223
885,4062 LYNDON B JOHNSON FWY,DALLAS,TX,75244
886,3901 W JEFFERSON BLVD,COCKRELL HILL,TX,75211
887,1322 MCHAM ST,IRVING,TX,75062
888,1718 DALWORTH ST STE A,GRAND PRAIRIE,TX,75050
889,3629 HOLMES ST,DALLAS,TX,75215
890,303 E CAMP WISDOM RD,DUNCANVILLE,TX,75116
891,2550 W RED BIRD LN STE 500,DALLAS,TX,75237
892,4215 S CARRIER PKWY,GRAND PRAIRIE,TX,75052
893,5139 VETERANS DR,DALLAS,TX,75241
894,4911 S CENTRAL EXPY,DALLAS,TX,75215
895,2400 W LEDBETTER DR,DALLAS,TX,75233
896,1401 E GRAUWYLER RD,IRVING,TX,75061
897,11403 LAKE JUNE RD,BALCH SPRINGS,TX,75180
898,112 S CARROLL AVE,DALLAS,TX,75226
899,118 GLENFIELD DR,GARLAND,TX,75040
900,1914 E BELT LINE RD STE 104,CARROLLTON,TX,75006
901,104 W SHADY GROVE RD,GRAND PRAIRIE,TX,75050
902,14280 MARSH LN,ADDISON,TX,75001
903,2402 GUS THOMASSON RD,DALLAS,TX,75228
904,1203 E RED BIRD LN,DALLAS,TX,75241
905,323 W MARSHALL DR,GRAND PRAIRIE,TX,75051
906,2580 WALNUT HILL LN,DALLAS,TX,75229
907,9658 PLANO RD STE 100,DALLAS,TX,75238
908,323 N STORY RD,IRVING,TX,75061
909,3009 N BELT LINE RD,IRVING,TX,75062
910,6012 ABRAMS RD STE 100,DALLAS,TX,75231
911,420 N COIT RD STE 2023,RICHARDSON,TX,75080
912,7601 N MACARTHUR BLVD,IRVING,TX,75063
913,8032 BRUTON RD,DALLAS,TX,75227
914,3705 N BELT LINE RD STE 1010,SUNNYVALE,TX,75182
915,9535 BRUTON RD,DALLAS,TX,75217
916,2418 S JUPITER RD,GARLAND,TX,75041
917,4070 N BELT LINE RD STE 128,IRVING,TX,75038
918,6760 SHADYBROOK LN,DALLAS,TX,75231
919,2440 W ILLINOIS AVE,DALLAS,TX,75233
920,2431 W WALNUT ST STE 100,GARLAND,TX,75042
921,3310 LAVON DR,GARLAND,TX,75040
922,3845 N GARLAND AVE STE 100,GARLAND,TX,75040
923,11632 LANEWOOD CIR,DALLAS,TX,75218
924,1144 N PLANO RD STE 107,RICHARDSON,TX,75081
925,11200 HARRY HINES BLVD,DALLAS,TX,75229
926,208 W 8TH ST,DALLAS,TX,75208
927,970 N COIT RD STE 3025,RICHARDSON,TX,75080
928,3314 ROSS AVE STE 100,DALLAS,TX,75204
929,1601 BRYAN ST STE 100,DALLAS,TX,75201
930,3200 S LANCASTER RD STE 528,DALLAS,TX,75216
931,333 S SAINT AUGUSTINE DR,DALLAS,TX,75217
932,8202 SPRING VALLEY RD STE 300,DALLAS,TX,75240
933,13325 BEE ST APT 402,FARMERS BRANCH,TX,75234
934,1639 S BUCKNER BLVD,DALLAS,TX,75217
935,10788 HARRY HINES BLVD STE B-21,DALLAS,TX,75220
936,727 ORIOLE BLVD,DUNCANVILLE,TX,75116
937,2501 S CARRIER PKWY,GRAND PRAIRIE,TX,75052
938,7150 CHAUCER PL STE 108,DALLAS,TX,75237
939,2315 TRELLIS PL,RICHARDSON,TX,75081
940,5335 BROADWAY BLVD STE 210,GARLAND,TX,75043
941,1519 MLK JR BLVD,DALLAS,TX,75215
942,601 S PLANO RD,RICHARDSON,TX,75081
943,2854 W DAVIS ST,DALLAS,TX,75211
944,1210 S HAMPTON RD,DALLAS,TX,75208
945,6411 GREAT TRINITY FOREST WAY,DALLAS,TX,75217
946,10942 ELAM RD,BALCH SPRINGS,TX,75180
947,3007 S CARRIER PKWY STE 205,GRAND PRAIRIE,TX,75052
948,3310 ELSIE FAYE HEGGINS ST,DALLAS,TX,75215
949,6464 E NORTHWEST HWY STE 335,DALLAS,TX,75214
950,8003 FERGUSON RD,DALLAS,TX,75228
951,1463 W PLEASANT RUN RD,LANCASTER,TX,75146
952,3324 SAMUELL BLVD,DALLAS,TX,75223
953,13101 PRESTON RD STE 110534,DALLAS,TX,75240
954,1544 EDISON ST,DALLAS,TX,75207
955,3921 MARTIN LUTHER KING JR BLVD,DALLAS,TX,75210
956,5926 ALPHA RD,DALLAS,TX,75240
957,1549 E BELT LINE RD,RICHARDSON,TX,75081
958,513 W JEFFERSON ST STE 150,GRAND PRAIRIE,TX,75051
959,700 CUSTER RD,RICHARDSON,TX,75080
960,437 W PIONEER PKWY,GRAND PRAIRIE,TX,75051
961,1501 SMALL ST,GRAND PRAIRIE,TX,75050
962,7331 GASTON AVE # 130,DALLAS,TX,75214
963,1546 ROWLETT RD STE 107,GARLAND,TX,75043
964,911 E DAVIS ST STE A,MESQUITE,TX,75149
965,9531 C F HAWN FWY,DALLAS,TX,75217
966,3212 N JUPITER RD STE 100,GARLAND,TX,75044
967,1380 W CAMPBELL RD,RICHARDSON,TX,75080
968,7508 AMBASSADOR ROW STE 110,DALLAS,TX,75247
969,5211 GUS THOMASSON RD,MESQUITE,TX,75150
970,2017 W DAVIS ST,DALLAS,TX,75208
971,2683 CEDAR CREST BLVD,DALLAS,TX,75203
972,1313 N JIM MILLER RD,DALLAS,TX,75217
973,2120 IRVING BLVD,DALLAS,TX,75207
974,6501 HILLCREST AVE,DALLAS,TX,75205
975,8160 WALNUT HILL LN STE PEROT,DALLAS,TX,75231
976,521 W DAVIS ST,DALLAS,TX,75208
977,2222 MCKINNEY AVE STE 230,DALLAS,TX,75201
978,5634 HIGHWAY 78 STE 114,SACHSE,TX,75048
979,1885 ESTERS RD STE 120,IRVING,TX,75061
980,7932 GREAT TRINITY FOREST WAY STE 112,DALLAS,TX,75217
981,8698 SKILLMAN ST,DALLAS,TX,75243
982,6309 HANCOCK RD,ROWLETT,TX,75089
983,1635 MARKET PL,IRVING,TX,75063
984,3701 PIONEER RD STE 101,BALCH SPRINGS,TX,75180
985,3578 W AIRPORT FWY,IRVING,TX,75062
986,1521 N COCKRELL HILL RD,DALLAS,TX,75211
987,10045 N MACARTHUR BLVD STE 101,IRVING,TX,75063
988,951 W BELT LINE RD,DESOTO,TX,75115
989,181 TOWN SQUARE,LANCASTER,TX,75146
990,702 MACARTHUR BLVD,GRAND PRAIRIE,TX,75050
991,2810 N O CONNOR RD,IRVING,TX,75062
992,125 ROMA DR,GARLAND,TX,75041
993,3500 LAKEVIEW PKWY,ROWLETT,TX,75088
994,2745 W NORTHWEST HWY,DALLAS,TX,75220
995,1630 E MAIN ST,GRAND PRAIRIE,TX,75050
996,2727 LIVE OAK ST,DALLAS,TX,75204
997,300 N COIT RD STE 134,RICHARDSON,TX,75080
998,2305 NORTH CENTRAL EXPRESSWAY,DALLAS,TX,75204
999,8451 PARK LN,DALLAS,TX,75231
1000,4516 E SIDE AVE,DALLAS,TX,75226
1001,2926 S BUCKNER BLVD,DALLAS,TX,75227
1002,2800 GLENWICK LN STE 110,IRVING,TX,75060
1003,735 N WESTMORELAND RD,DALLAS,TX,75211
1004,5290 BELT LINE RD STE 104,DALLAS,TX,75254
1005,7007 LAKE JUNE RD,DALLAS,TX,75217
1006,3441 BEGONIA LN,IRVING,TX,75038
1007,2275 GUS THOMASSON RD,DALLAS,TX,75228
1008,1346 N MASTERS DR STE 100,DALLAS,TX,75217
1009,1949 E CENTERVILLE RD,GARLAND,TX,75041
1010,15707 COIT RD,DALLAS,TX,75248
1011,2324 SHORECREST DR,DALLAS,TX,75235
1012,3064 WEBB CHAPEL EXT,DALLAS,TX,75220
1013,13605 MIDWAY RD,FARMERS BRANCH,TX,75244
1014,6921 LAKE JUNE RD,DALLAS,TX,75217
1015,2215 N STORY RD,IRVING,TX,75062
1016,9780 WALNUT ST STE 360,DALLAS,TX,75243
1017,2017 S BECKLEY AVE,DALLAS,TX,75224
1018,4701 LAKEVIEW PKWY,ROWLETT,TX,75088
1019,228 W 6TH ST # 110,IRVING,TX,75060
1020,2412 W LEDBETTER DR,DALLAS,TX,75233
1021,2240 ROYAL LN STE 306,DALLAS,TX,75229
1022,2222 MCKINNEY AVE STE 110,DALLAS,TX,75201
1023,4460 W WALNUT ST STE 126,GARLAND,TX,75042
1024,2200 W SHADY GROVE RD,IRVING,TX,75060
1025,4724 GREENVILLE AVE,DALLAS,TX,75206
1026,300 N MAIN ST,HUTCHINS,TX,75141
1027,3425 FOREST LN STE A,GARLAND,TX,75042
1028,7610 GREENVILLE AVE,DALLAS,TX,75231
1029,750 N RIVERFRONT BLVD,DALLAS,TX,75207
1030,2806 W NORTHWEST HWY,DALLAS,TX,75220
1031,833 N WESTMORELAND RD,DALLAS,TX,75211
1032,1625 FERRIS RD,GARLAND,TX,75044
1033,2445 W NORTHWEST HWY STE 109,DALLAS,TX,75220
1034,12895 JOSEY LN STE 225,FARMERS BRANCH,TX,75234
1035,8324 SOUTHWESTERN BLVD,DALLAS,TX,75206
1036,4301 SATURN RD,GARLAND,TX,75041
1037,8035 E R L THORNTON FWY STE 432,DALLAS,TX,75228
1038,2949 E KIEST BLVD,DALLAS,TX,75216
1039,16315 FALLKIRK DR,DALLAS,TX,75248
1040,114 E IRVING BLVD,IRVING,TX,75060
1041,1753 BLUE STREAM DR,DESOTO,TX,75115
1042,615 S MAIN ST,DUNCANVILLE,TX,75116
1043,5630 HIGHWAY 78,SACHSE,TX,75048
1044,4630 HATCHER ST,DALLAS,TX,75210
1045,515 W CAMPBELL RD STE 105,RICHARDSON,TX,75080
1046,1719 SINGLETON BLVD,DALLAS,TX,75212
1047,3939 S POLK ST STE 323,DALLAS,TX,75224
1048,2827 S BUCKNER BLVD,DALLAS,TX,75227
1049,3926 E OVERTON RD,DALLAS,TX,75216
1050,4020 VILLANOVA ST,DALLAS,TX,75225
1051,851 LAKE CAROLYN PKWY STE 150,IRVING,TX,75039
1052,633 W DAVIS ST,DALLAS,TX,75208
1053,8601 SUNSET BLVD STE A,ROWLETT,TX,75088
1054,2433 PARKCREST DR,GARLAND,TX,75041
1055,211 N ERVAY ST STE 120,DALLAS,TX,75201
1056,912 E IRVING BLVD,IRVING,TX,75060
1057,5630 E MOCKINGBIRD LN,DALLAS,TX,75206
1058,100 W SANDY LAKE RD,COPPELL,TX,75019
1059,5507 LINDSLEY AVE,DALLAS,TX,75223
1060,7902 ESTERS BLVD,IRVING,TX,75063
1061,8721 LAKE JUNE RD,DALLAS,TX,75217
1062,3155 S LANCASTER RD STE 130,DALLAS,TX,75216
1063,509 N GILPIN AVE,DALLAS,TX,75211
1064,2433 W KIEST BLVD,DALLAS,TX,75233
1065,6410 SKILLMAN ST,DALLAS,TX,75231
1066,4302 W CAMP WISDOM RD,DALLAS,TX,75237
1067,1710 W MOCKINGBIRD LN UNIT B,DALLAS,TX,75235
1068,2105 S GARLAND AVE,GARLAND,TX,75041
1069,4216 S CARRIER PKWY,GRAND PRAIRIE,TX,75052
1070,202 W PIONEER PKWY,GRAND PRAIRIE,TX,75051
1071,207 CLARICE ST,GRAND PRAIRIE,TX,75051
1072,3116 AL LIPSCOMB WAY,DALLAS,TX,75215
1073,5509 W LOVERS LN STE A,DALLAS,TX,75209
1074,420 N PLANO RD,GARLAND,TX,75042
1075,13900 JOSEY LN,FARMERS BRANCH,TX,75234
1076,9770 FOREST LN,DALLAS,TX,75243
1077,1103 S JOSEY LN STE 411,CARROLLTON,TX,75006
1078,10909 WEBB CHAPEL RD STE 131,DALLAS,TX,75229
1079,6514 CHEVY CHASE AVE,DALLAS,TX,75225
1080,9350 N CENTRAL EXPY,DALLAS,TX,75231
1081,2014-2016 W BUCKINGHAM,GARLAND,TX,75042
1082,13091 BEE ST,FARMERS BRANCH,TX,75234
1083,3435 JANE LN,DALLAS,TX,75247
1084,2801 S MARSALIS AVE,DALLAS,TX,75216
1085,555 W AIRPORT FWY STE 148,IRVING,TX,75062
1086,16731 COIT RD,DALLAS,TX,75248
1087,1817 AVENUE F,GRAND PRAIRIE,TX,75051
1088,8413 PRESTON CENTER PLZ,DALLAS,TX,75225
1089,1413 W PIONEER DR,IRVING,TX,75061
1090,4950 COLUMBIA AVE,DALLAS,TX,75214
1091,10956 ELAM RD,BALCH SPRINGS,TX,75180
1092,13131 MONTFORT DR,DALLAS,TX,75240
1093,3128 FOREST LN STE 251,DALLAS,TX,75234
1094,2100 ROSS AVE STE 110,DALLAS,TX,75201
1095,108 W BELT LINE RD STE 1,CEDAR HILL,TX,75104
1096,417 N BISHOP AVE,DALLAS,TX,75208
1097,1028 W CAMP WISDOM RD STE 1028,DALLAS,TX,75232
1098,12920 PRESTON RD,DALLAS,TX,75230
1099,2417 W AIRPORT FWY,IRVING,TX,75062
1100,1725 S INTERSTATE 35E STE 140,CARROLLTON,TX,75006
1101,3802 N TOWN EAST BLVD,MESQUITE,TX,75150
1102,5049 ADDISON CIR,ADDISON,TX,75001
1103,9155 STERLING ST STE 150,IRVING,TX,75063
1104,5819 SWISS AVE,DALLAS,TX,75214
1105,375 E INTERSTATE 30,GARLAND,TX,75043
1106,2713 INDUSTRIAL LN,GARLAND,TX,75041
1107,2680 LEA CREST DR,DALLAS,TX,75216
1108,3723 HAMILTON AVE,DALLAS,TX,75210
1109,717 E ANN ARBOR AVE,DALLAS,TX,75216
1110,210 E PLEASANT RUN RD,DESOTO,TX,75115
1111,2828 MOTLEY DR,MESQUITE,TX,75150
1112,4150 BELT LINE RD,ADDISON,TX,75001
1113,1004 WEBB CHAPEL RD,CARROLLTON,TX,75006
1114,6423 ABERDEEN AVE,DALLAS,TX,75230
1115,7777 HINES PL,DALLAS,TX,75235
1116,5302 N GADRLAND AVENUE,GARLAND,TX,75044
1117,12101 GREENVILLE AVE STE 107,DALLAS,TX,75243
1118,2445 W NORTHWEST HWY STE 105,DALLAS,TX,75220
1119,1613 W NORTHWEST HWY,DALLAS,TX,75220
1120,387 LAS COLINAS BLVD E STE 106,IRVING,TX,75039
1121,2008 W CLARENDON DR,DALLAS,TX,75208
1122,125 HALL RD,SEAGOVILLE,TX,75159
1123,5306 W DAVIS ST,DALLAS,TX,75211
1124,3626 SATURN RD,GARLAND,TX,75041
1125,2932 MAIN ST,DALLAS,TX,75226
1126,417 E CAMP WISDOM RD,DUNCANVILLE,TX,75116
1127,2642 MALCOLM X BLVD,DALLAS,TX,75215
1128,2001 MILITARY PKWY,MESQUITE,TX,75149
1129,5150 DUCK CREEK DR # 107,GARLAND,TX,75043
1130,5942 ABRAMS RD,DALLAS,TX,75231
1131,6770 GREENVILLE AVE,DALLAS,TX,75231
1132,106 N DENTON TAP RD,COPPELL,TX,75019
1133,305 W FM 1382 STE 302,CEDAR HILL,TX,75104
1134,2645 ARAPAHO RD,GARLAND,TX,75044
1135,3806 S STATE HIGHWAY 161 STE 500,GRAND PRAIRIE,TX,75052
1136,910 S HAMPTON RD STE D,DALLAS,TX,75208
1137,205 N CARROLL AVE,DALLAS,TX,75246
1138,250 W HIGHWAY 67,DUNCANVILLE,TX,75137
1139,7000 SNIDER PLZ,UNIVERSITY PARK,TX,75205
1140,9440 GARLAND RD STE 150,DALLAS,TX,75218
1141,1102 W PIONEER PKWY STE 125,GRAND PRAIRIE,TX,75051
1142,1426 S CLARK RD,DUNCANVILLE,TX,75137
1143,2424 S CESAR CHAVEZ BLVD,DALLAS,TX,75215
1144,2640 S STATE HIGHWAY 161,GRAND PRAIRIE,TX,75052
1145,580 W ARAPAHO RD STE 218,RICHARDSON,TX,75080
1146,9779 FOREST LN STE 200C,DALLAS,TX,75243
1147,3005 S CARRIER PKWY STE 101,GRAND PRAIRIE,TX,75052
1148,222 S HALL ST,DALLAS,TX,75226
1149,608 HALL RD,SEAGOVILLE,TX,75159
1150,11810 C F HAWN FWY,DALLAS,TX,75253
1151,8282 PARK LN,DALLAS,TX,75231
1152,610 E RED BIRD LN,DUNCANVILLE,TX,75116
1153,1717 OATES DR,MESQUITE,TX,75150
1154,3015 ARAPAHO RD,GARLAND,TX,75044
1155,2654 N BELT LINE RD,IRVING,TX,75062
1156,2052 FORT WORTH AVE,DALLAS,TX,75208
1157,940 E BELT LINE RD STE 100,RICHARDSON,TX,75081
1158,4050 GUS THOMASSON RD,MESQUITE,TX,75150
1159,2750 W NORTHWEST HWY STE 100,DALLAS,TX,75220
1160,1885 ESTERS RD STE 110,IRVING,TX,75061
1161,324 W CAMPBELL RD,RICHARDSON,TX,75080
1162,2165 BUCKINGHAM RD,RICHARDSON,TX,75081
1163,5501 LINDSLEY AVE,DALLAS,TX,75223
1164,7964 N MACARTHUR BLVD,IRVING,TX,75063
1165,5301 N GARLAND AVE,GARLAND,TX,75040
1166,3915 LINFIELD RD,DALLAS,TX,75216
1167,3340 W ROYAL LN,IRVING,TX,75063
1168,4026 CEDAR SPRINGS RD,DALLAS,TX,75219
1169,200 CRESCENT CT STE 40,DALLAS,TX,75201
1170,1601 MILLER FERRY RD TRLR 196,WILMER,TX,75172
1171,6465 E MOCKINGBIRD LN STE 322,DALLAS,TX,75214
1172,1512 S BELT LINE RD,DALLAS,TX,75253
1173,5013 SATURN RD,GARLAND,TX,75041
1174,4340 HARRY HINES BLVD STE B,DALLAS,TX,75219
1175,6536 SKILLMAN ST,DALLAS,TX,75231
1176,342 TRIBUTE RD,LANCASTER,TX,75146
1177,3249 FOREST LN,GARLAND,TX,75042
1178,15220 MONTFORT RD,DALLAS,TX,75248
1179,5809 E LOVERS LN,DALLAS,TX,75206
1180,2200 CEDAR CREST BLVD,DALLAS,TX,75203
1181,9670 PLANO RD,DALLAS,TX,75238
1182,6333 E MOCKINGBIRD LN # 301,DALLAS,TX,75214
1183,4505 LASATER RD,MESQUITE,TX,75181
1184,3342 BROADWAY BLVD STE 118,GARLAND,TX,75043
1185,15201 DALLAS PKWY,ADDISON,TX,75001
1186,633 W WHEATLAND RD,DUNCANVILLE,TX,75116
1187,320 CASA LINDA PLAZA BUCKNER AT GARLAND,DALLAS,TX,75218
1188,1805 S EDGEFIELD AVE,DALLAS,TX,75224
1189,555 W I-30,GARLAND,TX,75043
1190,6301 ABRAMS RD STE 127,DALLAS,TX,75231
1191,2150 N JOSIE LANE,CARROLLTON,TX,75006
1192,2329 W SHADY GROVE RD,IRVING,TX,75060
1193,7512 E NORTHWEST HWY,DALLAS,TX,75238
1194,1230 N SAINT AUGUSTINE DR,DALLAS,TX,75217
1195,1500 S BELT LINE RD,MESQUITE,TX,75149
1196,901 BELT LINE RD STE 100-101,GARLAND,TX,75040
1197,9410 WEBB CHAPEL RD,DALLAS,TX,75220
1198,501 CORINTH ST,DALLAS,TX,75207
1199,2372 OATES DR,DALLAS,TX,75228
1200,1120 S WESTMORELAND RD,DALLAS,TX,75211
1201,7818 ROWLETT RD,ROWLETT,TX,75089
1202,4200 GUS THOMASSON RD STE 103,MESQUITE,TX,75150
1203,3620 SHEPHERD LN STE A,BALCH SPRINGS,TX,75180
1204,3034 MOCKINGBIRD LN,DALLAS,TX,75205
1205,350 N SAINT PAUL ST,DALLAS,TX,75201
1206,407 N LAMAR ST STE 400,DALLAS,TX,75202
1207,2950 W CAMP WISDOM RD,DALLAS,TX,75237
1208,12121 ABRAMS RD,DALLAS,TX,75243
1209,7117 INWOOD RD,DALLAS,TX,75209
1210,1907 S CESAR CHAVEZ BLVD,DALLAS,TX,75215
1211,3128 FOREST LN STE 245,DALLAS,TX,75234
1212,14825 INWOOD RD # 200,ADDISON,TX,75001
1213,6185 RETAIL RD STE 100,DALLAS,TX,75231
1214,4164 N CENTRAL EXPY,DALLAS,TX,75204
1215,3305 GRAND AVE,DALLAS,TX,75210
1216,8188 SPRING VALLEY RD STE 110,DALLAS,TX,75240
1217,3435 N BELT LINE RD,IRVING,TX,75062
1218,1023 S HAMPTON RD,DALLAS,TX,75208
1219,4864 S BUCKNER BLVD STE A,DALLAS,TX,75227
1220,1717 NORTHWEST HWY,GARLAND,TX,75041
1221,5710 BROADWAY BLVD,GARLAND,TX,75043
1222,313 LAS COLINAS BLVD E,IRVING,TX,75039
1223,215 N CARRIER PKWY,GRAND PRAIRIE,TX,75050
1224,9301 FOREST LN,DALLAS,TX,75243
1225,5477 N MACARTHUR BLVD,IRVING,TX,75038
1226,3511 REGENT BLVD # 110,IRVING,TX,75063
1227,504 W ARAPAHO RD,RICHARDSON,TX,75080
1228,427 E FM 1382,CEDAR HILL,TX,75104
1229,10810 FERGUSON RD,DALLAS,TX,75228
1230,9702 BROCKBANK DR STE 100,DALLAS,TX,75220
1231,5308 MAPLE AVE,DALLAS,TX,75235
1232,6605 DALROCK RD,ROWLETT,TX,75089
1233,1701 S BELT LINE RD # 110,GRAND PRAIRIE,TX,75051
1234,2717 E BELT LINE RD,CARROLLTON,TX,75006
1235,3878 OAK LAWN AVE,DALLAS,TX,75219
1236,1300 S POLK ST STE 252,DALLAS,TX,75224
1237,12800 ABRAMS RD,DALLAS,TX,75243
1238,1500 S BELT LINE RD,MESQUITE,TX,75149
1239,3212 N JUPITER RD STE 201,GARLAND,TX,75044
1240,200 CRESCENT CT STE 40,DALLAS,TX,75201
1241,1036 N COUNTRY CLUB RD,GARLAND,TX,75040
1242,4122 LYNDON B JOHNSON FWY,DALLAS,TX,75244
1243,1501 PIONEER RD,MESQUITE,TX,75149
1244,4460 W WALNUT ST STE 108,GARLAND,TX,75042
1245,1727 N BECKLEY AVE,DALLAS,TX,75203
1246,10828 DENNIS RD,DALLAS,TX,75229
1247,4125 FAIRMOUNT ST,DALLAS,TX,75219
1248,718 N BUCKNER BLVD STE 332,DALLAS,TX,75218
1249,5535 S CENTRAL EXPY,DALLAS,TX,75215
1250,212 CARRIAGE CT,COPPELL,TX,75019
1251,2828 MOTLEY DR,MESQUITE,TX,75150
1252,8800 S POLK ST,DALLAS,TX,75232
1253,8600 N MACARTHUR BLVD STE 160,IRVING,TX,75063
1254,5330 N MACARTHUR BLVD STE 140,IRVING,TX,75038
1255,522 PRESTON ROYAL,DALLAS,TX,75230
1256,5360 W LOVERS LN STE 200,DALLAS,TX,75209
1257,1004 WEBB CHAPEL RD,CARROLLTON,TX,75006
1258,8424 PRESTON RD,DALLAS,TX,75225
1259,4034 CEDAR SPRINGS RD,DALLAS,TX,75219
1260,215 N CARRIER PKWY,GRAND PRAIRIE,TX,75050
1261,1066 PIONEER RD,MESQUITE,TX,75149
1262,535 N PLANO RD,GARLAND,TX,75042
1263,971 N HIGHWAY 67 STE 400,CEDAR HILL,TX,75104
1264,11555 FERGUSON RD # 500,DALLAS,TX,75228
1265,2424 S CESAR CHAVEZ BLVD,DALLAS,TX,75215
1266,10690 WALNUT HILL LN,DALLAS,TX,75238
1267,1509 PIONEER RD,MESQUITE,TX,75149
1268,2401 BENNETT AVE APT 3311,DALLAS,TX,75206
1269,4343 LOVERS LN,DALLAS,TX,75225
1270,3036 BROADWAY BLVD,GARLAND,TX,75041
1271,427 E FM 1382,CEDAR HILL,TX,75104
1272,2165 E BUCKINGHAM DR,RICHARDSON,TX,75081
1273,4010 N BELT LINE RD,IRVING,TX,75038
1274,1910 PACIFIC AVE STE 2050,DALLAS,TX,75201
1275,12000 MCCREE RD,DALLAS,TX,75238
1276,1900 MARKET PLACE BLVD,IRVING,TX,75063
1277,6025 ROYAL LN STE 314B,DALLAS,TX,75230
1278,4129 MATTHEW RD,GRAND PRAIRIE,TX,75052
1279,5150 N GARLAND AVE,GARLAND,TX,75040
1280,2909 COLE AVE STE 100,DALLAS,TX,75204
1281,4201 W WALNUT ST,GARLAND,TX,75042
1282,8123 PRESTON RD,DALLAS,TX,75225
1283,315 S HAMPTON RD,DALLAS,TX,75208
1284,4814 GASTON AVE,DALLAS,TX,75246
1285,100 S CENTRAL EXPY STE 36,RICHARDSON,TX,75080
1286,5547 BERNAL DR,DALLAS,TX,75212
1287,11812 INWOOD RD,DALLAS,TX,75244
1288,1621 N GARRETT AVE,DALLAS,TX,75206
1289,3329 N STORY RD,IRVING,TX,75062
1290,6505 DUCK CREEK DR,GARLAND,TX,75043
1291,5656 ALPHA RD STE B,DALLAS,TX,75240
1292,2149 N JOSEY LN,CARROLLTON,TX,75006
1293,1609 DALWORTH ST,GRAND PRAIRIE,TX,75050
1294,4202 PIONEER RD,BALCH SPRINGS,TX,75180
1295,5535 COLUMBIA AVE,DALLAS,TX,75214
1296,900 S DENLEY DR,DALLAS,TX,75216
1297,2515 W JEFFERSON BLVD,DALLAS,TX,75211
1298,2002 HIGHWAY 66,GARLAND,TX,75040
1299,3210 FALLS DR,DALLAS,TX,75211
1300,850 BELT LINE RD,GARLAND,TX,75040
1301,5200 GUS THOMASSON RD STE 100,MESQUITE,TX,75150
1302,4625 FRANKFORD RD,DALLAS,TX,75287
1303,2918 S JUPITER RD,GARLAND,TX,75041
1304,1814 N STORY RD,IRVING,TX,75061
1305,106 N DENTON TAPP RD,COPPELL,TX,75019
1306,9205 SKILLMAN ST STE 123,DALLAS,TX,75243
1307,145 W ANN ARBOR AVE,DALLAS,TX,75224
1308,9508 WEBB CHAPEL RD,DALLAS,TX,75220
1309,1101 SOUTHRIDGE DR,LANCASTER,TX,75146
1310,2800 W IRVING BLVD # E144,IRVING,TX,75061
1311,1509 PIONEER RD,MESQUITE,TX,75149
1312,2377 STEMMONS TRL,DALLAS,TX,75220
1313,3300 KNOX ST STE 200,DALLAS,TX,75205
1314,2111 W NORTHWEST HWY,DALLAS,TX,75220
1315,6323 S R L THORNTON FWY,DALLAS,TX,75232
1316,4701 N GALLOWAY AVE STE 106,MESQUITE,TX,75150
1317,1802 SE 14TH ST,GRAND PRAIRIE,TX,75051
1318,1515 S BUCKNER BLVD,DALLAS,TX,75217
1319,1562 E ANN ARBOR AVE,DALLAS,TX,75216
1320,150 N INTERSTATE 35 E,LANCASTER,TX,75146
1321,2063 TOWN EAST MALL STE 2228,MESQUITE,TX,75150
1322,3215 W DAVIS ST,DALLAS,TX,75211
1323,9220 SKILLMAN ST,DALLAS,TX,75243
1324,3347 W WALNUT ST STE 101,GARLAND,TX,75042
1325,5330 N MACARTHUR BLVD STE 112,IRVING,TX,75038
1326,2918 S JUPITER RD STE K-2,GARLAND,TX,75041
1327,6535 DUCK CREEK DR,GARLAND,TX,75043
1328,3107 S COCKRELL HILL RD,DALLAS,TX,75236
1329,2925 W CAMP WISDOM RD,DALLAS,TX,75237
1330,2640 OLD DENTON RD STE 148,CARROLLTON,TX,75007
1331,3250 SAMUELL BLVD,DALLAS,TX,75223
1332,7735 GREENVILLE AVE,DALLAS,TX,75231
1333,717 S 5TH ST,GARLAND,TX,75040
1334,3101 SATURN RD,GARLAND,TX,75041
1335,3745 N STORY RD,IRVING,TX,75062
1336,1401 TI BLVD STE H,RICHARDSON,TX,75081
1337,8505 LAKEVIEW PKWY STE 320,ROWLETT,TX,75088
1338,1721 BELT LINE RD,GARLAND,TX,75044
1339,15055 INWOOD RD,ADDISON,TX,75001
1340,9625 WEBB CHAPEL RD,DALLAS,TX,75220
1341,925 NORTHWEST HWY,GARLAND,TX,75041
1342,4215 S CARRIER PKWY,GRAND PRAIRIE,TX,75052
1343,900 N POLK ST STE 120,DESOTO,TX,75115
1344,6866 SHADYBROOK LN,DALLAS,TX,75231
1345,5710 BROADWAY BLVD,GARLAND,TX,75043
1346,110 W AIRPORT FWY,IRVING,TX,75062
1347,540 CENTENNIAL BLVD,RICHARDSON,TX,75081
1348,1517 MAIN ST,DALLAS,TX,75201
1349,920 S HARWOOD ST STE 131,DALLAS,TX,75201
1350,621 UPTOWN BLVD,CEDAR HILL,TX,75104
1351,9901 ROYAL LN STE 108,DALLAS,TX,75231
1352,324 E BELT LINE RD,DESOTO,TX,75115
1353,14280 MARSH LN,ADDISON,TX,75001
1354,4724 GREENVILLE AVE STE B,DALLAS,TX,75206
1355,520 N JUPITER RD STE A,GARLAND,TX,75042
1356,2602 MAYFIELD RD,GRAND PRAIRIE,TX,75052
1357,3511 OAK LAWN AVE,DALLAS,TX,75219
1358,4122 LYNDON B JOHNSON FWY,DALLAS,TX,75244
1359,7303 JOHN W CARPENTER FWY,DALLAS,TX,75247
1360,1264 W SPRING VALLEY RD,RICHARDSON,TX,75080
1361,1450 W PLEASANT RUN RD STE 108,LANCASTER,TX,75146
1362,2717 E BELT LINE RD STE 105,CARROLLTON,TX,75006
1363,4201 TRAVIS ST,DALLAS,TX,75205
1364,4550 W BUCKINGHAM RD,GARLAND,TX,75042
1365,1737 GREENVILLE AVE,DALLAS,TX,75206
1366,1501 BUCKINGHAM RD,RICHARDSON,TX,75081
1367,1802 S DENLEY DR,DALLAS,TX,75216
1368,1800 VALLEY VIEW LN STE 158,IRVING,TX,75061
1369,9450 SKILLMAN ST STE 106,DALLAS,TX,75243
1370,2515 W JEFFERSON BLVD STE 300,DALLAS,TX,75211
1371,112 N COLLETT AVE STE 132,DALLAS,TX,75214
1372,9645 VISTA OAKS DR,DALLAS,TX,75243
1373,1807 N GALLOWAY AVE,MESQUITE,TX,75149
1374,3550 LYNDON B JOHNSON FWY,IRVING,TX,75063
1375,201 E BELT LINE RD STE 101,DESOTO,TX,75115
1376,801 W PALESTINE ST STE 105,HUTCHINS,TX,75141
1377,1635 CHAMPAGNE DR,DALLAS,TX,75224
1378,1221 N HAMPTON RD,DALLAS,TX,75208
1379,3341 REGENT BLVD STE 140,IRVING,TX,75063
1380,1840 S 1ST ST,GARLAND,TX,75040
1381,3699 MCKINNEY AVE STE 318,DALLAS,TX,75204
1382,712 S WALTON WALKER BLVD,DALLAS,TX,75211
1383,1801 MARKETPLACE DR,GARLAND,TX,75041
1384,937 BARNES BRIDGE RD,MESQUITE,TX,75150
1385,259 E GRAUWYLER RD # 170,IRVING,TX,75061
1386,3604 BLOCK DR APT 104,IRVING,TX,75038
1387,9500 N CENTRAL EXPY STE 200,DALLAS,TX,75231
1388,4818 S 2ND AVE,DALLAS,TX,75210
1389,2419 W KIEST BLVD,DALLAS,TX,75233
1390,712 S WALTON WALKER BLVD # 11H,DALLAS,TX,75211
1391,4020 W CAMP WISDOM RD,DALLAS,TX,75237
1392,4847 SCYENE RD STE B,DALLAS,TX,75210
1393,4306 N CENTRAL EXPY,DALLAS,TX,75206
1394,3600 W PIONEER DR STE 140,IRVING,TX,75061
1395,2006 W BUCKINGHAM RD,GARLAND,TX,75042
1396,2333 HARDWICK ST,DALLAS,TX,75208
1397,8701 CYPRESS WATERS BLVD STE 110,IRVING,TX,75063
1398,145 S MASTERS DR,DALLAS,TX,75217
1399,511 N AKARD ST STE 101,DALLAS,TX,75201
1400,1205 DOWDY FERRY RD,HUTCHINS,TX,75141
1401,4041 W WHEATLAND RD STE 216,DALLAS,TX,75237
1402,2422 ALLEN ST,DALLAS,TX,75204
1403,2625 OLD DENTON RD STE 418,CARROLLTON,TX,75007
1404,5606 S R L THORNTON FWY,DALLAS,TX,75232
1405,1916 WALNUT PLZ STE 105,CARROLLTON,TX,75006
1406,1009 W ROCHELLE RD,IRVING,TX,75062
1407,829 S CORINTH STREET RD,DALLAS,TX,75203
1408,2815 ALLEN ST STE 122,DALLAS,TX,75204
1409,5307 E MOCKINGBIRD LN STE 107,DALLAS,TX,75206
1410,9972 MARSH LN,DALLAS,TX,75220
1411,4101 W WHEATLAND RD,DALLAS,TX,75237
1412,2034 IRVING BLVD,DALLAS,TX,75207
1413,1021 IKEA WAY,GRAND PRAIRIE,TX,75052
1414,6421 RIVERSIDE DR STE 160,IRVING,TX,75039
1415,125 HALL RD,SEAGOVILLE,TX,75159
1416,555 PROMENADE PKWY APT 451,IRVING,TX,75039
1417,2435 W MILLER RD,GARLAND,TX,75041
1418,3341 COUNTRY CLUB DR W,IRVING,TX,75038
1419,5417 BERNAL DR,DALLAS,TX,75212
1420,2326 W SHADY GROVE RD,IRVING,TX,75060
1421,1229 ADMIRAL NIMITZ CIR,DALLAS,TX,75210
1422,1900 MARKET PLACE BLVD,IRVING,TX,75063
1423,2020 HIGHWAY 66,GARLAND,TX,75040
1424,1519 S HAMPTON RD,GLENN HEIGHTS,TX,75154
1425,15130 SEAGOVILLE RD,DALLAS,TX,75253
1426,4210 PIONEER RD,BALCH SPRINGS,TX,75180
1427,2546 ROYAL LN,DALLAS,TX,75229
1428,1001 N HIGHWAY 175,SEAGOVILLE,TX,75159
1429,5122 S 2ND AVE,DALLAS,TX,75210
1430,2050 N WESTMORELAND RD STE 100,DALLAS,TX,75212
1431,13531 MONTFORT DR STE 125,DALLAS,TX,75240
1432,2118 ABRAMS RD,DALLAS,TX,75214
1433,3605 FOREST LN,DALLAS,TX,75234
1434,804 S MACARTHUR BLVD,COPPELL,TX,75019
1435,13021 COIT RD STE 106,DALLAS,TX,75240
1436,2008 COMMERCE ST,DALLAS,TX,75201
1437,400 S HALL ST APT 248,DALLAS,TX,75226
1438,2130 E LEDBETTER DR,DALLAS,TX,75216
1439,7726 FERGURSON RD,DALLAS,TX,75228
1440,1007 CEDARDALE RD,LANCASTER,TX,75134
1441,6211 OWENS ST STE 100,DALLAS,TX,75235
1442,900 N POLK ST STE 102,DESOTO,TX,75115
1443,209 E GREENBRIAR LN,DALLAS,TX,75203
1444,5321 THE STATION BLVD STE B150,SACHSE,TX,75048
1445,5331 HOLLAND AVE,DALLAS,TX,75209
1446,6102 SAMUELL BLVD STE 100,DALLAS,TX,75228
1447,2240 MARSH LN # 120,CARROLLTON,TX,75006
1448,5119 ROWLETT RD,ROWLETT,TX,75088
1449,10300 SCYENE RD STE 100,DALLAS,TX,75227
1450,10645 HARRY HINES BLVD,DALLAS,TX,75220
1451,2031 N GALLOWAY AVE,MESQUITE,TX,75149
1452,11437 SHILOH RD,DALLAS,TX,75228
1453,2913 MONTICELLO LN,LANCASTER,TX,75134
1454,3610 W JEFFERSON BLVD STE 100,COCKRELL HILL,TX,75211
1455,1201 W CAMP WISDOM RD,DALLAS,TX,75232
1456,16117 LONGVISTA DR,DALLAS,TX,75248
1457,2743 CEDAR CREST BLVD,DALLAS,TX,75203
1458,800 E ARAPAHO RD STE 104,RICHARDSON,TX,75081
1459,11124 MANORVIEW CIR,DALLAS,TX,75228
1460,3706 CHEYENNE ST,IRVING,TX,75038
1461,7150 CHAUCER PL STE 108,DALLAS,TX,75237
1462,3803 IRVING MALL,IRVING,TX,75062
1463,7324 GASTON AVE STE 115,DALLAS,TX,75214
1464,1401 NORTHWEST HWY STE 139,GARLAND,TX,75041
1465,4515 VILLAGE FAIR DR STE E10,DALLAS,TX,75224
1466,2447 GUS THOMASSON RD STE 12,DALLAS,TX,75228
1467,5100 BELT LINE RD STE 1012,DALLAS,TX,75254
1468,8300 HARRY HINES BLVD,DALLAS,TX,75235
1469,3500 E ILLINOIS AVE,DALLAS,TX,75216
1470,2475 S COCKRELL HILL RD STE 100,DALLAS,TX,75211
1471,6504 HIGHWAY 78,SACHSE,TX,75048
1472,3030 LYNDON B JOHNSON FWY STE 1630,DALLAS,TX,75234
1473,2929 BELT LINE RD,GARLAND,TX,75044
1474,11700 PRESTON RD # 714,DALLAS,TX,75230
1475,102 S CEDAR RIDGE DR,DUNCANVILLE,TX,75116
1476,9740 WEBB CHAPEL RD,DALLAS,TX,75220
1477,1400 HI LINE DR APT 718,DALLAS,TX,75207
1478,1819 N GALLOWAY AVE,MESQUITE,TX,75149
1479,2447 GUS THOMASSON RD STE 126,DALLAS,TX,75228
1480,1325 E JEFFERSON ST,GRAND PRAIRIE,TX,75051
1481,3701 W CLARENDON DR STE 100,COCKRELL HILL,TX,75211
1482,3726 W DAVIS ST,DALLAS,TX,75211
1483,1225 BELT LINE RD STE 103,GARLAND,TX,75040
1484,4467 ROSS AVE,DALLAS,TX,75204
1485,2780 ROYAL LN STE A,DALLAS,TX,75229
1486,11740 FERGUSON RD,DALLAS,TX,75228
1487,2050 N STEMMONS FWY UNIT 103,DALLAS,TX,75207
1488,9015 LEASIDE DR,DALLAS,TX,75238
1489,908 S RIVERFRONT BLVD,DALLAS,TX,75207
1490,2424 ROCK ISLAND RD,IRVING,TX,75060
1491,1133 N ZANG BLVD,DALLAS,TX,75203
1492,207 S CLARK RD,CEDAR HILL,TX,75104
1493,9669 FOREST LN APT 2006,DALLAS,TX,75243
1494,3439 MAYBETH ST,DALLAS,TX,75212
1495,3617 RIDGEBRIAR DR,DALLAS,TX,75234
1496,1445 W KINGSLEY RD,GARLAND,TX,75041
1497,4154 PREFERRED PL,DALLAS,TX,75237
1498,1727 BARNES BRIDGE RD,DALLAS,TX,75228
1499,2532 OLD DENTON RD STE 100,CARROLLTON,TX,75006
1500,8190 PARK LN STE 351,DALLAS,TX,75231
1501,207 W 6TH ST,IRVING,TX,75060
1502,801 S SHERMAN ST STE 101,RICHARDSON,TX,75081
1503,5620 LYNDON B JOHNSON FWY STE 300,DALLAS,TX,75240
1504,2827 LIVE OAK ST,DALLAS,TX,75204
1505,1472 W SPRING VALLEY RD,RICHARDSON,TX,75080
1506,506 S NURSERY RD STE 120,IRVING,TX,75060
1507,225 NE 10TH ST,GRAND PRAIRIE,TX,75050
1508,2666 N BELT LINE RD,IRVING,TX,75062
1509,10940 LAKE JUNE RD,BALCH SPRINGS,TX,75180
1510,3900 N HAMPTON RD,DALLAS,TX,75212
1511,9219 GARLAND RD STE 1105,DALLAS,TX,75218
1512,13015 JUPITER RD STE 100,DALLAS,TX,75238
1513,819 VERMONT AVE,DALLAS,TX,75216
1514,2528 ELM ST STE A,DALLAS,TX,75226
1515,4123 N STORY RD,IRVING,TX,75038
1516,1138 PLEASANT VALLEY RD STE F,GARLAND,TX,75040
1517,4100 LOMO ALTO DR,HIGHLAND PARK,TX,75219
1518,1735 LANSFORD AVE,DALLAS,TX,75224
1519,1105 S WALTON WALKER BLVD,DALLAS,TX,75211
1520,1915 S STORY RD,IRVING,TX,75060
1521,1401 E ARAPAHO RD STE A,RICHARDSON,TX,75081
1522,8405 LAKEVIEW PKWY STE 202,ROWLETT,TX,75088
1523,4140 W CAMP WISDOM RD # F,DALLAS,TX,75237
1524,5119 ROWLETT RD,ROWLETT,TX,75088
1525,705 N MACARTHUR BLVD,IRVING,TX,75061
1526,2811 LACOMPTE DR,DALLAS,TX,75227
1527,4030 N MACARTHUR BLVD STE 116,IRVING,TX,75038
1528,10560 WALNUT ST STE 1100,DALLAS,TX,75243
1529,2518 W BRUTON RD,BALCH SPRINGS,TX,75180
1530,8106 SOUTHWESTERN BLVD,DALLAS,TX,75206
1531,518 SOTOGRANDE DR,GARLAND,TX,75044
1532,2810 E TRINITY MILLS RD STE 219,CARROLLTON,TX,75006
1533,14444 DALLAS PKWY STE 115,DALLAS,TX,75254
1534,4349 W NORTHWEST HWY,DALLAS,TX,75220
1535,2633 SWISS AVE,DALLAS,TX,75204
1536,10300 SCYENE RD STE 100,DALLAS,TX,75227
1537,1111 W AIRPORT FWY STE 121,IRVING,TX,75062
1538,4020 W NORTHGATE DR,IRVING,TX,75062
1539,3921 MARTIN LUTHER KING JR BLVD # TB23F,DALLAS,TX,75210
1540,1326 W KINGSLEY RD,GARLAND,TX,75041
1541,2516 W BRUTON RD,BALCH SPRINGS,TX,75180
1542,6155 SAMUELL BLVD STE 150,DALLAS,TX,75228
1543,6741 N MACARTHUR BLVD,IRVING,TX,75039
1544,2809 N MACARTHUR BLVD,IRVING,TX,75062
1545,3460 W WALNUT ST,GARLAND,TX,75042
1546,8010 N STEMMONS FWY STE 101,DALLAS,TX,75247
1547,1575 S BELT LINE RD STE 160,COPPELL,TX,75019
1548,12243 E NORTHWEST HWY STE 200,DALLAS,TX,75228
1549,1402 N KAUFMAN ST,SEAGOVILLE,TX,75159
1550,949 W ROYAL LN,IRVING,TX,75039
1551,2447 GUS THOMASSON RD,DALLAS,TX,75228
1552,203 N BELT LINE RD STE 400,GRAND PRAIRIE,TX,75050
1553,7014 N STEMMONS FWY,DALLAS,TX,75247
1554,3921 MARTIN LUTHER KING JR BLVD # G32F,DALLAS,TX,75210
1555,2403 N FITZHUGH AVE,DALLAS,TX,75204
1556,225 E COLORADO BLVD,DALLAS,TX,75203
1557,8300 ELAM RD STE 130,DALLAS,TX,75217
1558,1101 S WALTON WALKER BLVD,DALLAS,TX,75211
1559,750 N SAINT PAUL ST STE 250,DALLAS,TX,75201
1560,8901 WESTMONT DR,IRVING,TX,75063
1561,2830 EL CAPITAN DR,DALLAS,TX,75228
1562,2708 N HENDERSON AVE STE 200,DALLAS,TX,75206
1563,4404 W ILLINOIS AVE,DALLAS,TX,75211
1564,750 E 2ND ST STE 110,IRVING,TX,75060
1565,2051 W NORTHWEST HWY STE 60,DALLAS,TX,75220
1566,3032 BROADWAY BLVD,GARLAND,TX,75041
1567,2316 TIMBERLAKE DR,IRVING,TX,75062
1568,3933 S COCKRELL HILL RD,DALLAS,TX,75236
1569,429 W INTERSTATE 30 STE 6,GARLAND,TX,75043
1570,2810 TISINGER AVE,DALLAS,TX,75228
1571,8912 LAKE JUNE RD,DALLAS,TX,75217
1572,5657 E MOCKINGBIRD LN,DALLAS,TX,75206
1573,1012 S 1ST ST,GARLAND,TX,75040
1574,1910 S EDGEFIELD AVE,DALLAS,TX,75224
1575,2510 MCKINNEY AVE,DALLAS,TX,75201
1576,2014 N JUPITER RD STE A,GARLAND,TX,75044
1577,3525 W LEDBETTER DR,DALLAS,TX,75233
1578,311A W MARSHALL DR,GRAND PRAIRIE,TX,75051
1579,6448 E MOCKINGBIRD LN,DALLAS,TX,75214
1580,2743 FOREMAN ST,DALLAS,TX,75210
1581,1909 S CESAR CHAVEZ BLVD,DALLAS,TX,75215
1582,3115 S 1ST ST STE 200,GARLAND,TX,75041
1583,136 N MASTERS DR,DALLAS,TX,75217
1584,3201 GRANADA DR,MESQUITE,TX,75181
1585,12103 WEBB CHAPEL RD,FARMERS BRANCH,TX,75234
1586,101 S SHERMAN ST STE B,RICHARDSON,TX,75081
1587,4221 TELEPHONE RD,DALLAS,TX,75241
1588,902 E SHADY GROVE RD,IRVING,TX,75060
1589,3287 S POLK ST,DALLAS,TX,75224
1590,5605 E GRAND AVE,DALLAS,TX,75223
1591,3921 MARTIN LUTHER KING JR BLVD,DALLAS,TX,75210
1592,13402 BAYARD CIR,DALLAS,TX,75243
1593,535 W AIRPORT FWY STE 140,IRVING,TX,75062
1594,635 E PLEASANT RUN RD,CEDAR HILL,TX,75104
1595,11255 GARLAND RD STE 405,DALLAS,TX,75218
1596,1718 N MARKET ST,DALLAS,TX,75202
1597,2416 W LEDBETTER DR,DALLAS,TX,75233
1598,9751 WALNUT ST STE 102,DALLAS,TX,75243
1599,1107 N HIGHWAY 67,CEDAR HILL,TX,75104
1600,2838 W CLARENDON DR,DALLAS,TX,75211
1601,2403 WESTERN PARK DR,DALLAS,TX,75211
1602,110 S CARROLL AVE,DALLAS,TX,75226
1603,10788 HARRY HINES BLVD # E28,DALLAS,TX,75220
1604,2625 OLD DENTON RD STE 340,CARROLLTON,TX,75007
1605,1927 E BELT LINE RD STE 136,CARROLLTON,TX,75006
1606,1250 S BUCKNER BLVD,DALLAS,TX,75217
1607,1529 W BUCKINGHAM RD STE 6,GARLAND,TX,75042
1608,11501 ELAM RD,BALCH SPRINGS,TX,75180
1609,10433 GARLAND RD,DALLAS,TX,75218
1610,2712 W IRVING BLVD,IRVING,TX,75061
1611,3530 SUNNYVALE ST,DALLAS,TX,75216
1612,9531 C F HAWN FWY,DALLAS,TX,75217
1613,1634 MARKET CENTER BLVD,DALLAS,TX,75207
1614,5526 E R L THORNTON FWY,DALLAS,TX,75223
1615,5848 HIGHWAY 78 STE 118,SACHSE,TX,75048
1616,4212 OAK LAWN AVE,DALLAS,TX,75219
1617,2376 LAVON DR STE 110,GARLAND,TX,75040
1618,2440 N INTERNATIONAL PKWY,GRAPEVINE,TX,75261
1619,13350 DALLAS PKWY STE 2655,DALLAS,TX,75240
1620,1901 S HARWOOD ST APT 201,DALLAS,TX,75215
1621,8306 KATE ST STE 9,DALLAS,TX,75225
1622,901 BELT LINE RD STE 102,GARLAND,TX,75040
1623,6810 MURPHY RD STE 500,SACHSE,TX,75048
1624,1155 E RED BIRD LN,DALLAS,TX,75241
1625,1927 GREENVILLE AVE,DALLAS,TX,75206
1626,920 S HARWOOD ST STE 150,DALLAS,TX,75201
1627,302 N MARSALIS AVE,DALLAS,TX,75203
1628,4306 SATURN RD,GARLAND,TX,75041
1629,3230 W DAVIS ST,DALLAS,TX,75211
1630,5112 W DAVIS ST,DALLAS,TX,75211
1631,230 W PIONEER PKWY,GRAND PRAIRIE,TX,75051
1632,2603 HICKORY TREE RD,BALCH SPRINGS,TX,75180
1633,2608 ELM ST,DALLAS,TX,75226
1634,2661 MIDWAY RD STE 200,CARROLLTON,TX,75006
1635,4101 W WHEATLAND RD,DALLAS,TX,75237
1636,1500 N HAMPTON RD,DESOTO,TX,75115
1637,408 N HAMPTON RD,DALLAS,TX,75208
1638,5401 N PRESIDENT GEORGE BUSH HWY,GARLAND,TX,75044
1639,5618 JESTER DR,GARLAND,TX,75044
1640,1512 S BELT LINE RD STE 2,DALLAS,TX,75253
1641,1910 PACIFIC AVE STE 20003368,DALLAS,TX,75201
1642,4024 ROSS AVE,DALLAS,TX,75204
1643,3845 N GARLAND AVE STE 300,GARLAND,TX,75040
1644,100 S CENTRAL EXPY STE 26C,RICHARDSON,TX,75080
1645,4523 MAPLE AVE,DALLAS,TX,75219
1646,2607 N STEMMONS FWY,DALLAS,TX,75207
1647,1701 S PEACHTREE RD,BALCH SPRINGS,TX,75180
1648,5552 E GRAND AVE STE C,DALLAS,TX,75223
1649,9648 OVERLAKE DR,DALLAS,TX,75220
1650,3480 S CARRIER PKWY STE 160,GRAND PRAIRIE,TX,75052
1651,901 N POLK ST STE 303,DESOTO,TX,75115
1652,14714 WEBB CHAPEL RD,FARMERS BRANCH,TX,75234
1653,3026 AL LIPSCOMB WAY,DALLAS,TX,75215
1654,3601 INTERSTATE 30,MESQUITE,TX,75150
1655,2380 N FIELD ST,DALLAS,TX,75201
1656,778 FORT WORTH AVE STE G100,DALLAS,TX,75208
1657,2630 WALNUT HILL LN,DALLAS,TX,75229
1658,127 E CENTERVILLE RD,GARLAND,TX,75041
1659,3401 SAINT FRANCIS AVE,DALLAS,TX,75228
1660,3605 6TH ST,SACHSE,TX,75048
1661,1100 CADIZ ST,DALLAS,TX,75215
1662,1707 ROBERT B CULLUM BLVD,DALLAS,TX,75210
1663,7491 S WESTMORELAND RD,DALLAS,TX,75237
1664,3021 N BUCKNER BLVD,DALLAS,TX,75228
1665,2101 S RIVERFRONT BLVD,DALLAS,TX,75207
1666,4645 GUS THOMASSON RD,MESQUITE,TX,75150
1667,8424 LAKE JUNE RD,DALLAS,TX,75217
1668,1705 W CLARENDON DR,DALLAS,TX,75208
1669,6867 GREENVILLE AVE,DALLAS,TX,75231
1670,210 N IRA AVE,DALLAS,TX,75211
1671,2218 GREENVILLE AVE,DALLAS,TX,75206
1672,3708 SHEPHERD LN,BALCH SPRINGS,TX,75180
1673,5528 ALPHA RD STE 108,DALLAS,TX,75240
1674,6411 BEXAR ST,DALLAS,TX,75215
1675,309 W KIEST BLVD STE B,DALLAS,TX,75224
1676,2020 S HARWOOD ST,DALLAS,TX,75215
1677,2506 S BELT LINE RD,GRAND PRAIRIE,TX,75052
1678,3888 OAK LAWN AVE,DALLAS,TX,75219
1679,2240 N PRAIRE CREEK RD # 300,DALLAS,TX,75217
1680,1101 S BEACON ST,DALLAS,TX,75223
1681,4018 N JUPITER RD,GARLAND,TX,75044
1682,3501 S PEACHTREE RD,BALCH SPRINGS,TX,75180
1683,3518 OAK LAWN AVE,DALLAS,TX,75219
1684,4008 URBAN AVE STE A,DALLAS,TX,75227
1685,2272 STONEBROOK LN,MESQUITE,TX,75181
1686,2129 SW 3RD ST,GRAND PRAIRIE,TX,75051
1687,13010 SPRING OAK DR,BALCH SPRINGS,TX,75180
1688,3701 W CLARENDON DR STE 200,COCKRELL HILL,TX,75211
1689,500 S MACARTHUR BLVD STE 500,IRVING,TX,75060
1690,4121 GASTON AVE,DALLAS,TX,75246
1691,2502 S BELT LINE RD STE 100,GRAND PRAIRIE,TX,75052
1692,11405 LYNDON B JOHNSON FWY,GARLAND,TX,75041
1693,9575 SCYENE RD STE 102,DALLAS,TX,75227
1694,2880 FOREST LN,DALLAS,TX,75234
1695,6833 W NORTHWEST HWY,DALLAS,TX,75225
1696,888 S GREENVILLE AVE STE 100,RICHARDSON,TX,75081
1697,4703 MAPLE AVE,DALLAS,TX,75219
1698,3015 ARAPAHO RD,GARLAND,TX,75044
1699,11661 PRESTON RD STE 224,DALLAS,TX,75230
1700,2919 E ILLINOIS AVE,DALLAS,TX,75216
1701,7726 FOREST LN,DALLAS,TX,75230
1702,4062 LYNDON B JOHNSON FWY,DALLAS,TX,75244
1703,10560 WALNUT ST STE 500,DALLAS,TX,75243
1704,1428 N IRVING HEIGHTS DR,IRVING,TX,75061
1705,677 W CAMPBELL RD STE 100,RICHARDSON,TX,75080
1706,909 DAVIS DR STE A,MESQUITE,TX,75149
1707,2203 LAGOW ST,DALLAS,TX,75210
1708,2815 N MACARTHUR BLVD,IRVING,TX,75062
1709,2304 W MOCKINGBIRD LN,DALLAS,TX,75235
1710,7002 HARRY HINES BLVD,DALLAS,TX,75235
1711,3305 W ROCHELLE RD,IRVING,TX,75062
1712,409 W 8TH ST,DALLAS,TX,75208
1713,9440 GARLAND RD STE 150,DALLAS,TX,75218
1714,1301 W DAVIS ST,DALLAS,TX,75208
1715,5235 W LOVERS LN,DALLAS,TX,75209
1716,5706 E MOCKINGBIRD LN STE 130,DALLAS,TX,75206
1717,3510 S BUCKNER BLVD STE A,DALLAS,TX,75227
1718,5000 BELT LINE RD STE 400,DALLAS,TX,75254
1719,1325 E BELT LINE RD,RICHARDSON,TX,75081
1720,805 MILL BRANCH DR,GARLAND,TX,75040
1721,1540 DANUBE DR,DALLAS,TX,75216
1722,3903 LEMMON AVE,DALLAS,TX,75219
1723,3233 W WHEATLAND RD,DALLAS,TX,75237
1724,6448 ROYAL CEDAR DR,DALLAS,TX,75236
1725,1540 S 1ST ST,GARLAND,TX,75040
1726,2810 E TRINITY MILLS RD STE 213,CARROLLTON,TX,75006
1727,9540 GARLAND RD STE 320,DALLAS,TX,75218
1728,9840 MONROE DR STE 115,DALLAS,TX,75220
1729,2223 SINGLETON BLVD STE 116,DALLAS,TX,75212
1730,8335 WESTCHESTER DR STE 200,DALLAS,TX,75225
1731,701 E IRVING BLVD,IRVING,TX,75060
1732,910 E PIONEER PKWY,GRAND PRAIRIE,TX,75051
1733,10720 PRESTON RD STE 1018,DALLAS,TX,75230
1734,1001 ROSS AVE STE 102,DALLAS,TX,75202
1735,610 PLYMOMOUTH PARK DR,IRVING,TX,75061
1736,1232 S HAMPTON RD,DALLAS,TX,75208
1737,5750 E LOVERS LN,DALLAS,TX,75206
1738,5455 N JIM MILLER RD,DALLAS,TX,75227
1739,1420 W 6TH ST,IRVING,TX,75060
1740,273 HICKERSON ST,CEDAR HILL,TX,75104
1741,2905 ARKANSAS LN STE 103,GRAND PRAIRIE,TX,75052
1742,4349 W NORTHWEST HWY,DALLAS,TX,75220
1743,2332 ROCK ISLAND RD,IRVING,TX,75060
1744,4611 COLUMBIA AVE STE 103,DALLAS,TX,75226
1745,1425 E BELT LINE RD,RICHARDSON,TX,75081
1746,2700 MARKET ST,IRVING,TX,75062
1747,506 S RIVERFRONT BLVD,DALLAS,TX,75207
1748,3627 BONNIE VIEW RD STE B,DALLAS,TX,75216
1749,2960 ANODE LN,DALLAS,TX,75220
1750,1441 W MOCKINGBIRD LN,DALLAS,TX,75247
1751,2800 ROUTH ST STE 180,DALLAS,TX,75201
1752,2051 W NORTHWEST HWY STE 60,DALLAS,TX,75220
1753,701 COMMERCE ST # 530,DALLAS,TX,75202
1754,9111 FOREST LN # A,DALLAS,TX,75243
1755,5757 GREENVILLE AVE,DALLAS,TX,75206
1756,3209 N FITZHUGH AVE,DALLAS,TX,75204
1757,538 CENTENNIAL BLVD,RICHARDSON,TX,75081
1758,9975 N MACARTHUR BLVD,IRVING,TX,75063
1759,4322 LEMMON AVE,DALLAS,TX,75219
1760,601 PIONEER RD STE F,MESQUITE,TX,75149
1761,833 W JEFFERSON BLVD,DALLAS,TX,75208
1762,3232 SYLVAN AVE STE 110,DALLAS,TX,75212
1763,2605 FORT WORTH AVE STE 100,DALLAS,TX,75211
1764,5625 ALPHA RD,DALLAS,TX,75240
1765,1132 E LEDBETTER DR,DALLAS,TX,75216
1766,2705 N DALLAS AVE,LANCASTER,TX,75134
1767,196 W DAVIS ST,DALLAS,TX,75208
1768,1638 S 1ST ST STE B,GARLAND,TX,75040
1769,3420 W ILLINOIS AVE STE 100A,DALLAS,TX,75211
1770,101 S INTERSTATE 45 SERVICE RD STE 11,HUTCHINS,TX,75141
1771,9534 BECKLEY VIEW AVE,DALLAS,TX,75232
1772,7730 N MACARTHUR BLVD STE A,IRVING,TX,75063
1773,1610 S 1ST ST,GARLAND,TX,75040
1774,3200 E AIRFIELD DR SPC 109C,DFW AIRPORT,TX,75261
1775,2850 N HARWOOD ST STE 110,DALLAS,TX,75201
1776,11361 MCCREE RD STE 110,DALLAS,TX,75238
1777,4280 LAVON DR STE 242,GARLAND,TX,75040
1778,2984 W WHEATLAND RD STE E,DALLAS,TX,75237
1779,510 N NURSERY RD,IRVING,TX,75061
1780,1504 OLD ORCHARD DR,IRVING,TX,75061
1781,3128 MCKINNEY AVE STE D,DALLAS,TX,75204
1782,1205 ARKANSAS LN STE 100,GRAND PRAIRIE,TX,75052
1783,828 E IRVING BLVD STE 100,IRVING,TX,75060
1784,6171 BONNIE VIEW RD,DALLAS,TX,75241
1785,2770 VALWOOD PKWY,FARMERS BRANCH,TX,75234
1786,6659 AINTREE CIR,DALLAS,TX,75214
1787,3400 SAMUELL BLVD STE B,DALLAS,TX,75223
1788,2212 IRVING BLVD,DALLAS,TX,75207
1789,3221 FALLS DR,DALLAS,TX,75211
1790,3200 E AIRFIELD DR SPC 2046DA01,DALLAS,TX,75261
1791,1707 N HALL ST APT 216,DALLAS,TX,75204
1792,9191 FOREST LN STE 1A,DALLAS,TX,75243
1793,2825 LIVE OAK ST,DALLAS,TX,75204
1794,1701 SHAW ST,DALLAS,TX,75212
1795,607 S TYLER ST,DALLAS,TX,75208
1796,2014 N JUPITER RD,GARLAND,TX,75044
1797,12531 LAKE JUNE RD,BALCH SPRINGS,TX,75180
1798,888 S GREENVILLE AVE STE 222,RICHARDSON,TX,75081
1799,3880 IRVING MALL,IRVING,TX,75062
1800,2112 ROSEBUD DR,IRVING,TX,75060
1801,4388 SPRING VALLEY RD,FARMERS BRANCH,TX,75244
1802,7989 BELT LINE RD STE 146,DALLAS,TX,75248
1803,421 W LAWSON RD TRLR 40,DALLAS,TX,75253
1804,2607 SE 14TH ST,GRAND PRAIRIE,TX,75052
1805,2910 FORT WORTH AVE STE 101,DALLAS,TX,75211
1806,4450 W JEFFERSON BLVD,DALLAS,TX,75211
1807,4355 INTERSTATE 30 STE 102,MESQUITE,TX,75150
1808,5626 ALPHA RD,DALLAS,TX,75240
1809,4819 BERNAL DR,DALLAS,TX,75212
1810,10028 MONROE DR,DALLAS,TX,75229
1811,3322 SYLVAN AVE,DALLAS,TX,75212
1812,3810 CONGRESS AVE,DALLAS,TX,75219
1813,2622 S ERVAY ST,DALLAS,TX,75215
1814,504 S MACARTHUR BLVD,IRVING,TX,75060
1815,2427 W MOCKINGBIRD LN,DALLAS,TX,75235
1816,2720 LIVE OAK ST,DALLAS,TX,75204
1817,11036 ALADDIN DR,DALLAS,TX,75229
1818,3212 N JUPITER RD,GARLAND,TX,75044
1819,2720 LIVE OAK ST,DALLAS,TX,75204
1820,4444 W ILLINOIS AVE STE 109,DALLAS,TX,75211
1821,1350 E BEAR CREEK RD,GLENN HEIGHTS,TX,75154
1822,3548 W WALNUT ST,GARLAND,TX,75042
1823,2301 W ROCHELLE RD,IRVING,TX,75062
1824,13881 INTERSTATE 20,BALCH SPRINGS,TX,75181
1825,1940 MILITARY PKWY,MESQUITE,TX,75149
1826,700 N PEARL ST,DALLAS,TX,75201
1827,3102 MAIN ST,DALLAS,TX,75226
1828,514 LOCKWOOD DR,RICHARDSON,TX,75080
1829,634 N CARRIER PKWY # 160,GRAND PRAIRIE,TX,75050
1830,8687 N CENTRAL EXPY STE 2E3-2340,DALLAS,TX,75225
1831,7300 N MACARTHUR BLVD STE 100,IRVING,TX,75063
1832,655 W ILLINOIS AVE STE 900,DALLAS,TX,75224
1833,5509 BROADWAY BLVD STE B,GARLAND,TX,75043
1834,2460 W ILLINOIS AVE,DALLAS,TX,75233
1835,7906 ROUNDROCK RD,DALLAS,TX,75248
1836,4441 LAWNVIEW AVE STE C,DALLAS,TX,75227
1837,3170 IRVING BLVD,DALLAS,TX,75247
1838,2550 GUS THOMASSON RD,DALLAS,TX,75228
1839,6780 ABRAMS RD STE 119,DALLAS,TX,75231
1840,1525 INWOOD RD,DALLAS,TX,75247
1841,2215 W WALNUT ST,GARLAND,TX,75042
1842,9658 PLANO RD STE 100,DALLAS,TX,75238
1843,1751 N COUNTRY CLUB RD,GARLAND,TX,75040
1844,4418 S MARSALIS AVE,DALLAS,TX,75216
1845,110 W SANDY LAKE RD STE 180,COPPELL,TX,75019
1846,203 E CAMP WISDOM RD STE A,DUNCANVILLE,TX,75116
1847,1710 W MOCKINGBIRD LN STE B,DALLAS,TX,75235
1848,7826 GARLAND RD,DALLAS,TX,75218
1849,1805 W CAMPBELL RD # 105,GARLAND,TX,75044
1850,1343 W CAMPBELL RD,RICHARDSON,TX,75080
1851,1518 NORTHWEST HWY,GARLAND,TX,75041
1852,2306 W 11TH ST,IRVING,TX,75060
1853,1107 S JOSEY LN,CARROLLTON,TX,75006
1854,9230 SKILLMAN ST,DALLAS,TX,75243
1855,4207 W JEFFERSON BLVD,DALLAS,TX,75211
1856,5040 LEMMON AVE,DALLAS,TX,75209
1857,3011 GULDEN LN STE 115,DALLAS,TX,75212
1858,8687 N CENTRAL EXPY STE 400B,DALLAS,TX,75225
1859,1201 ELM ST STE LL17,DALLAS,TX,75270
1860,8353 PARK LN,DALLAS,TX,75231
1861,1550 E IRVING BLVD,IRVING,TX,75060
1862,402 S FOREST CREST DR,GARLAND,TX,75042
1863,4043 TRINITY MILLS RD STE 114,DALLAS,TX,75287
1864,6807 W NORTHWEST HWY,DALLAS,TX,75225
1865,12516 AUDELIA RD,DALLAS,TX,75243
1866,1700 PACIFIC AVE STE 107,DALLAS,TX,75201
1867,2701 MAIN ST STE 160,DALLAS,TX,75226
1868,1344 N TOWN EAST BLVD,MESQUITE,TX,75150
1869,400 FIELDCREST CIR,COPPELL,TX,75019
1870,3101 MARQUIS DR,GARLAND,TX,75042
1871,7110 SKILLMAN ST,DALLAS,TX,75231
1872,2803 LAGOW ST,DALLAS,TX,75210
1873,5626 E R L THORNTON FWY,DALLAS,TX,75223
1874,3710 BELT LINE RD,ADDISON,TX,75001
1875,2001 ROSS AVE STE 150,DALLAS,TX,75201
1876,7730 N MACARTHUR BLVD STE 150,IRVING,TX,75063
1877,3527 US HIGHWAY 80 E,MESQUITE,TX,75150
1878,1105 W 6TH ST,IRVING,TX,75060
1879,428 E FM 1382,CEDAR HILL,TX,75104
1880,2130 W KINGSLEY RD,GARLAND,TX,75041
1881,530 NICKENS RD,GARLAND,TX,75043
1882,7617 TULANE DR,ROWLETT,TX,75088
1883,4900 BRYAN ST,DALLAS,TX,75206
1884,103 S INTERSTATE HIGHWAY 45,WILMER,TX,75172
1885,3011 GULDEN LN STE 111,DALLAS,TX,75212
1886,110 HENSLEY DR,GRAND PRAIRIE,TX,75050
1887,3102 MAIN ST,DALLAS,TX,75226
1888,3350 BROADWAY BLVD,GARLAND,TX,75043
1889,524 W BELT LINE RD STE 4,RICHARDSON,TX,75080
1890,3400 BELTLINE RD,SUNNYVALE,TX,75182
1891,5550 E GRAND AVE,DALLAS,TX,75223
1892,105 S INTERSTATE HIGHWAY 45,WILMER,TX,75172
1893,3246 W WALNUT ST,GARLAND,TX,75042
1894,3111 OLYMPUS BLVD STE 120,COPPELL,TX,75019
1895,1921 N PLANO RD,GARLAND,TX,75042
1896,5033 S 2ND AVE,DALLAS,TX,75210
1897,7460 S WESTMORELAND RD STE 100,DALLAS,TX,75237
1898,1830 RANGE DR STE 106,MESQUITE,TX,75149
1899,8550 PLANO RD STE 101,DALLAS,TX,75238
1900,2205 WALNUT CREEK TRL,GARLAND,TX,75040
1901,11732 MARSH LN,DALLAS,TX,75229
1902,4120 W JEFFERSON BLVD,COCKRELL HILL,TX,75211
1903,609 HARVEST GLEN DR,CEDAR HILL,TX,75104
1904,9721 RUSTOWN DR,DALLAS,TX,75228
1905,934 E GRAUWYLER RD,IRVING,TX,75061
1906,1560 S 1ST ST STE C,GARLAND,TX,75040
1907,409 N BRIERY RD,IRVING,TX,75061
1908,9858 PLANO RD STE 306,DALLAS,TX,75238
1909,502 CLAY MATHIS RD,MESQUITE,TX,75181
1910,2500 S CARRIER PKWY STE B,GRAND PRAIRIE,TX,75052
1911,415 S CARROLL AVE STE 104,DALLAS,TX,75223
1912,4630 STIGALL DR,DALLAS,TX,75209
1913,995 W BELT LINE RD,LANCASTER,TX,75146
1914,3610 INWOOD RD,DALLAS,TX,75209
1915,9505 LARGA DR,DALLAS,TX,75220
1916,2915 ESTERS RD,IRVING,TX,75062
1917,3008 N BELT LINE RD,IRVING,TX,75062
1918,7777 FOREST LN STE A098,DALLAS,TX,75230
1919,969 S LAMAR ST,DALLAS,TX,75202
1920,2518 W KINGSLEY RD STE 101,GARLAND,TX,75041
1921,3114 IVANDELL AVE,DALLAS,TX,75211
1922,2007 W DAVIS ST,DALLAS,TX,75208
1923,4835 N OCONNOR RD STE 112,IRVING,TX,75062
1924,425 S BELT LINE RD STE A,GRAND PRAIRIE,TX,75051
1925,2004 N MASTERS DR,DALLAS,TX,75217
1926,1080 W BETHEL RD,COPPELL,TX,75019
1927,3983 N BELT LINE RD,IRVING,TX,75038
1928,602 N HALL ST,SEAGOVILLE,TX,75159
1929,4950 W ILLINOIS AVE STE 103,DALLAS,TX,75211
1930,1328 N JIM MILLER RD STE 113,DALLAS,TX,75217
1931,444 W INTERSTATE 20,GRAND PRAIRIE,TX,75052
1932,3034 WEBB CHAPEL EXT STE 100,DALLAS,TX,75220
1933,7932 S LOOP 12,DALLAS,TX,75217
1934,6055 SHERRY LN,DALLAS,TX,75225
1935,13329 MONTFORT DR,DALLAS,TX,75240
1936,513 WALES CT,COPPELL,TX,75019
1937,2806 N HIGHWAY 175,SEAGOVILLE,TX,75159
1938,1518 W BUCKINGHAM RD,GARLAND,TX,75042
1939,2242 S ZANG BLVD,DALLAS,TX,75224
1940,2022 N GLENBROOK DR,GARLAND,TX,75040
1941,1800 N HENDERSON AVE,DALLAS,TX,75206
1942,4001 LEMMON AVE,DALLAS,TX,75219
1943,1800 S AKARD ST,DALLAS,TX,75215
1944,1290 BOTHAM JEAN BLVD,DALLAS,TX,75215
1945,7001 FAIRFIELD DR,ROWLETT,TX,75089
1946,5748 LIVE OAK ST,DALLAS,TX,75206
1947,301 MODENE ST TRLR 29,SEAGOVILLE,TX,75159
1948,3322 SYLVAN AVE,DALLAS,TX,75212
1949,362 E FM 1382,CEDAR HILL,TX,75104
1950,1530 MAIN ST STE B,DALLAS,TX,75201
1951,4919 W DAVIS ST STE 150,DALLAS,TX,75211
1952,5608 BOTHAM JEAN BLVD,DALLAS,TX,75215
1953,543 S RIVERFRONT BLVD,DALLAS,TX,75207
1954,1220 N TOWN EAST BLVD STE 650,MESQUITE,TX,75150
1955,314 S BARNES DR,GARLAND,TX,75042
1956,9371 GARLAND RD STE B,DALLAS,TX,75218
1957,11722 MARSH LN STE 317,DALLAS,TX,75229
1958,101 SUNRIDGE BLVD,WILMER,TX,75172
1959,3001 LAKEVIEW PKWY,ROWLETT,TX,75088
1960,110 W SANDY LAKE RD,COPPELL,TX,75019
1961,362 E FM 1382,CEDAR HILL,TX,75104
1962,1343 W CAMPBELL RD,RICHARDSON,TX,75080
1963,9530 OVERLAKE DR STE A,DALLAS,TX,75220
1964,3301 GUS THOMASSON RD,MESQUITE,TX,75150
1965,3699 MCKINNEY AVE STE 101,DALLAS,TX,75204
1966,10658 N CENTRAL EXPY,DALLAS,TX,75231
1967,1314 S BUCKNER BLVD STE 200,DALLAS,TX,75217
1968,1823 S EDGEFIELD AVE,DALLAS,TX,75224
1969,13350 AUDELIA RD STE 110,DALLAS,TX,75243
1970,4857 CALVERT ST,DALLAS,TX,75247
1971,1827 S HASKELL AVE,DALLAS,TX,75223
1972,4020 W CAMP WISDOM RD,DALLAS,TX,75237
1973,3878 OAK LAWN AVE STE 180,DALLAS,TX,75219
1974,4750 N JUPITER RD,GARLAND,TX,75044
1975,4203 SOMERVILLE AVE,DALLAS,TX,75206
1976,1501 RANDOLPH ST,CARROLLTON,TX,75006
1977,2002 HIGHWAY 66,GARLAND,TX,75040
1978,4707 S CENTRAL EXPY,DALLAS,TX,75215
1979,219 CROWN POINT DR,COPPELL,TX,75019
1980,6011 W DAVIS ST,DALLAS,TX,75211
1981,1456 BELT LINE RD STE 147,GARLAND,TX,75044
1982,1806 WESTMINSTER DR,GRAND PRAIRIE,TX,75050
1983,2155 MARSH LN STE 138,CARROLLTON,TX,75006
1984,5335 BROADWAY BLVD STE 210,GARLAND,TX,75043
1985,1311 GRINNELL DR,RICHARDSON,TX,75081
1986,1472 N HAMPTON RD STE 100,DESOTO,TX,75115
1987,230 N DENTON TAP RD STE 110,COPPELL,TX,75019
1988,3301 BERNAL DR,DALLAS,TX,75212
1989,3480 S CARRIER PKWY STE 200,GRAND PRAIRIE,TX,75052
1990,13434 FLOYD CIR,DALLAS,TX,75243
1991,2050 N PLANO RD # 300-E,RICHARDSON,TX,75082
1992,9630 INWOOD RD,DALLAS,TX,75220
1993,2910 RUDER ST # A,DALLAS,TX,75212
1994,4717 WILDWOOD RD,DALLAS,TX,75209
1995,4865 SUNNYVALE ST STE C,DALLAS,TX,75216
1996,2711 COOMBS CREEK DR,DALLAS,TX,75211
1997,3033 S WESTMORELAND RD,DALLAS,TX,75233
1998,3502 S CARRIER PKWY STE D,GRAND PRAIRIE,TX,75052
1999,11700 PRESTON RD STE 630,DALLAS,TX,75230
2000,5920 FOREST PARK RD,DALLAS,TX,75235
2001,700 N MACARTHUR BLVD,IRVING,TX,75061
2002,11361 MCCREE RD UNIT 160,DALLAS,TX,75238
2003,6030 LUTHER LN STE 160,DALLAS,TX,75225
2004,1335 N BELT LINE RD STE 13,IRVING,TX,75061
2005,960 E SANDY LAKE RD,COPPELL,TX,75019
2006,2233 N PRAIRIE CREEK RD STE C2-B,DALLAS,TX,75227
2007,3217 MALCOLM X BLVD,DALLAS,TX,75215
2008,1410 WOODED LAKE DR,MESQUITE,TX,75150
2009,14215 COIT RD STE 104,DALLAS,TX,75254
2010,4291 DFW TPKE,DALLAS,TX,75211
2011,1402 NORTHWEST HWY STE 100,GARLAND,TX,75041
2012,4815 COLLINS AVE,DALLAS,TX,75210
2013,8501 OLD HICKORY TRL APT 1206,DALLAS,TX,75237
2014,1721 BELT LINE RD,GARLAND,TX,75044
2015,3631 DELFORD CIR,DALLAS,TX,75228
2016,658 W INTERSTATE 30 STE 11K,GARLAND,TX,75043
2017,2837 E LEDBETTER DR,DALLAS,TX,75216
2018,2739 W NORTHWEST HWY,DALLAS,TX,75220
2019,4520 BOTHAM JEAN BLVD,DALLAS,TX,75215
2020,11911 RYLIECREST DR,BALCH SPRINGS,TX,75180
2021,1622 MORRELL AVE,DALLAS,TX,75203
2022,10854 PRESTON RD,DALLAS,TX,75230
2023,4448 S MARSALIS AVE,DALLAS,TX,75216
2024,1314 N DALLAS AVE,LANCASTER,TX,75134
2025,3225 W PLEASANT RUN RD STE 102A,LANCASTER,TX,75146
2026,13350 DALLAS PKWY STE 2655,DALLAS,TX,75240
2027,405 S BELT LINE RD,GRAND PRAIRIE,TX,75051
2028,2120 N SAINT AUGUSTINE DR STE 130,DALLAS,TX,75227
2029,2407 W AIRPORT FWY,IRVING,TX,75062
2030,2680 OLD DENTON RD STE 172,CARROLLTON,TX,75007
2031,2407 W AIRPORT FWY,IRVING,TX,75062
2032,14311 SKYFROST DR TRLR 176,DALLAS,TX,75253
2033,5424 KLEBERG DR,GRAND PRAIRIE,TX,75052
2034,1157 EASTON RD STE 108,DALLAS,TX,75218
2035,4830 S LANCASTER RD,DALLAS,TX,75216
2036,8701 LIBERTY GROVE RD STE 600,ROWLETT,TX,75089
2037,3620 W PIONEER DR STE 100,IRVING,TX,75061
2038,3699 MCKINNEY AVE STE 510,DALLAS,TX,75204
2039,3629 HOLMES ST,DALLAS,TX,75215
2040,1005 S JOSEY LN,CARROLLTON,TX,75006
2041,3802 N TOWN EAST BLVD,MESQUITE,TX,75150
2042,9761 WALNUT ST,DALLAS,TX,75243
2043,4512 BORDEAUX AVE,DALLAS,TX,75205
2044,1308 E BEAR CREEK RD STE 270,GLENN HEIGHTS,TX,75154
2045,6024 BROADWAY BLVD,GARLAND,TX,75043
2046,2412 W KIEST BLVD,DALLAS,TX,75233
2047,438 E WHEATLAND RD # 438,DUNCANVILLE,TX,75116
2048,6155 SAMUELL BLVD STE 150,DALLAS,TX,75228
2049,4945 MORRIS AVE APT 4348,ADDISON,TX,75001
2050,909 E DAVIS ST STE C,MESQUITE,TX,75149
2051,2204 KELLY BLVD STE 101,CARROLLTON,TX,75006
2052,6001 FOREST PARK RD,DALLAS,TX,75235
2053,4607 VILLAGE FAIR DR STE 317,DALLAS,TX,75224
2054,6411 GREAT TRINITY FOREST WAY,DALLAS,TX,75217
2055,4107 W JEFFERSON BLVD,DALLAS,TX,75211
2056,6302 GLENMOOR DR,GARLAND,TX,75043
2057,4830 S LANCASTER RD,DALLAS,TX,75216
2058,1009 VIA VALENCIA,MESQUITE,TX,75150
2059,10020 ROYAL LN,DALLAS,TX,75238
2060,2150 GUS THOMASSON RD APT 2215,MESQUITE,TX,75150
2061,17120 DALLAS PKWY STE 101,DALLAS,TX,75248
2062,620 NORTHPARK CTR,DALLAS,TX,75225
2063,1915 PETERS RD STE 213,IRVING,TX,75061
2064,2630 N JOSEY LN,CARROLLTON,TX,75007
2065,211 N ERVAY ST STE 1423,DALLAS,TX,75201
2066,305 W FM 1382 SPC 608,CEDAR HILL,TX,75104
2067,1044 TOWN EAST MALL,MESQUITE,TX,75150
2068,5331 E MOCKINGBIRD LN,DALLAS,TX,75206
2069,13350 DALLAS PKWY,DALLAS,TX,75240
2070,7555 N MACARTHUR BLVD,IRVING,TX,75063
2071,10825 DENNIS RD STE 102,DALLAS,TX,75229
2072,1515 N TOWN EAST BLVD,MESQUITE,TX,75150
2073,374 E FM 1382 STE E,CEDAR HILL,TX,75104
2074,355 CEDAR SAGE DR,GARLAND,TX,75040
2075,1409 S LAMAR ST APT 10,DALLAS,TX,75215
2076,2063 TOWN EAST MALL # 5521,MESQUITE,TX,75150
2077,7410 HARRY HINES BLVD,DALLAS,TX,75235
2078,1615 SINGLETON BLVD STE B,DALLAS,TX,75212
2079,1501 N HAMPTON RD,DESOTO,TX,75115
2080,3980 S BELT LINE RD,GRAND PRAIRIE,TX,75052
2081,2650 MIDWAY RD STE 122,CARROLLTON,TX,75006
2082,701 E IRVING BLVD,IRVING,TX,75060
2083,2063 TOWN EAST MALL,MESQUITE,TX,75150
2084,513 W JEFFERSON ST STE 105,GRAND PRAIRIE,TX,75051
2085,201 S BELT LINE RD STE 103,IRVING,TX,75060
2086,3609 GREENVILLE AVE,DALLAS,TX,75206
2087,2412 W LEDBETTER DR,DALLAS,TX,75233
2088,643 RICKEY CANYON AVE,DESOTO,TX,75115
2089,4945 CROOKED LN,DALLAS,TX,75229
2090,203 N BELTLINE RD,GRAND PRAIRIE,TX,75050
2091,3708 SAMUELL BLVD,DALLAS,TX,75228
2092,9015 GUNNISON DR,DALLAS,TX,75231
2093,2701 E GRAUWYLER RD BLDG 1DPT,IRVING,TX,75061
2094,7932 LAKE JUNE RD,DALLAS,TX,75217
2095,1130 S BELT LINE RD STE 100,DALLAS,TX,75253
2096,655 W ILLINOIS AVE,DALLAS,TX,75224
2097,101 N HAMPTON RD STE 105,DESOTO,TX,75115
2098,2051 W NORTHWEST HWY STE 53,DALLAS,TX,75220
2099,3501 GUS THOMASSON RD STE 103,MESQUITE,TX,75150
2100,9780 LYNDON B JOHNSON FWY,DALLAS,TX,75243
2101,1141 E WALNUT ST,GARLAND,TX,75040
2102,685 TOWN SQUARE BLVD,GARLAND,TX,75040
2103,701 W JEFFERSON ST,GRAND PRAIRIE,TX,75051
2104,2915 COMMUNITY DR STE 101,DALLAS,TX,75220
2105,1720 W BRUTON RD STE 100,BALCH SPRINGS,TX,75180
2106,6106 SKILLMAN ST,DALLAS,TX,75231
2107,323 N STORY RD,IRVING,TX,75061
2108,1105 S BROADWAY ST,CARROLLTON,TX,75006
2109,3115 BUNKER HILL RD STE 109,SACHSE,TX,75048
2110,7310 MARVIN D LOVE FWY APT 125,DALLAS,TX,75237
2111,6923 SCYENE RD,DALLAS,TX,75227
2112,2050 N PLANO RD # 300C,RICHARDSON,TX,75082
2113,10110 ROYAL LN STE 180,DALLAS,TX,75238
2114,3116 AL LIPSCOMB WAY,DALLAS,TX,75215
2115,1700 PACIFIC AVE STE 108,DALLAS,TX,75201
